"id","dam","sire"
"ACHIL",NA,NA
"ADAMS",NA,NA
"ALBER",NA,NA
"ALCOC",NA,NA
"ALFRD",NA,NA
"ALTOS",NA,NA
"AMBER",NA,NA
"ANGUS",NA,NA
"ANTEL",NA,NA
"APRIC",NA,NA
"ARIST",NA,NA
"AUGUS",NA,NA
"BARBE",NA,NA
"BARKE",NA,NA
"BASIL",NA,NA
"BATTS",NA,NA
"BAYLE",NA,NA
"BENTS",NA,NA
"BIGEA",NA,NA
"BIGGL",NA,NA
"BIGHE",NA,NA
"BIGPA",NA,NA
"BILBO",NA,NA
"BILLS",NA,NA
"BILLY",NA,NA
"BITES",NA,NA
"BKNST",NA,NA
"BLAST",NA,NA
"BLIND",NA,NA
"BLIPS",NA,NA
"BLOGG",NA,NA
"BLOSS",NA,NA
"BLTLE",NA,NA
"BLUFF",NA,NA
"BLUNT",NA,NA
"BOARR",NA,NA
"BOOMG",NA,NA
"BORIS",NA,NA
"BOWLS",NA,NA
"BRANN",NA,NA
"BRBRO",NA,NA
"BREAC",NA,NA
"BREAK",NA,NA
"BREND",NA,NA
"BRENT",NA,NA
"BRIAN",NA,NA
"BRIGH",NA,NA
"BRLGS",NA,NA
"BROWH",NA,NA
"BRUNS",NA,NA
"BUCKS",NA,NA
"BULBY",NA,NA
"BULGY",NA,NA
"BURNE",NA,NA
"BUSTE",NA,NA
"BWBLS",NA,NA
"CAESA",NA,NA
"CAILL",NA,NA
"CASPR",NA,NA
"CASSI",NA,NA
"CECIL",NA,NA
"CHALL",NA,NA
"CHOCH",NA,NA
"CLEOP",NA,NA
"CLIFF",NA,NA
"CLSBY",NA,NA
"CLYDE",NA,NA
"COCKL",NA,NA
"COINH",NA,NA
"CONAR",NA,NA
"CONGA",NA,NA
"COOPE",NA,NA
"CORKS",NA,NA
"COTTO",NA,NA
"COYHI",NA,NA
"CROTT",NA,NA
"CRUMP",NA,NA
"CRUSA",NA,NA
"CURIS",NA,NA
"CURLY",NA,NA
"D0168",NA,NA
"D0186",NA,NA
"D0188",NA,NA
"D0192",NA,NA
"D0198",NA,NA
"D0199",NA,NA
"D0200",NA,NA
"D0202",NA,NA
"D0203",NA,NA
"D0204",NA,NA
"D0205",NA,NA
"D0208",NA,NA
"D0209",NA,NA
"D0213",NA,NA
"D0214",NA,NA
"D0216",NA,NA
"D0217",NA,NA
"D0218",NA,NA
"D0219",NA,NA
"D0221",NA,NA
"D0237",NA,NA
"D0240",NA,NA
"D0241",NA,NA
"D0242",NA,NA
"D0243",NA,NA
"D0244",NA,NA
"D0245",NA,NA
"D0246",NA,NA
"D0247",NA,NA
"D0248",NA,NA
"D0250",NA,NA
"D0251",NA,NA
"DAMON",NA,NA
"DEARG",NA,NA
"DEVIL",NA,NA
"DIAMO",NA,NA
"DKPTH",NA,NA
"DONAL",NA,NA
"DORNY",NA,NA
"DSA98",NA,NA
"DUMPY",NA,NA
"DUNOS",NA,NA
"DUNST",NA,NA
"ELECT",NA,NA
"ELG66",NA,NA
"ELGRE",NA,NA
"ELSIV",NA,NA
"ENGLE",NA,NA
"ENOCH",NA,NA
"ETHEL",NA,NA
"EXTRA",NA,NA
"FAISA",NA,NA
"FAMIL",NA,NA
"FANCY",NA,NA
"FEEDE",NA,NA
"FERDI",NA,NA
"FERGU",NA,NA
"FHUAR",NA,NA
"FIERC",NA,NA
"FINGA",NA,NA
"FLICK",NA,NA
"FLIGH",NA,NA
"FLINT",NA,NA
"FORCE",NA,NA
"FORKT",NA,NA
"FOSSI",NA,NA
"FRANK",NA,NA
"FRICT",NA,NA
"FRITZ",NA,NA
"FRODO",NA,NA
"GESTI",NA,NA
"GHILL",NA,NA
"GIPSY",NA,NA
"GLASS",NA,NA
"GREET",NA,NA
"GREYS",NA,NA
"GROWT",NA,NA
"HAGGI",NA,NA
"HAGRI",NA,NA
"HAMIS",NA,NA
"HARRI",NA,NA
"HARRY",NA,NA
"HECTO",NA,NA
"HEFTY",NA,NA
"HEINS",NA,NA
"HIAWA",NA,NA
"HORAC",NA,NA
"HUMME",NA,NA
"HUMML",NA,NA
"HUMPY",NA,NA
"HUNCH",NA,NA
"IIIIS",NA,NA
"INDEN",NA,NA
"INWAR",NA,NA
"JASEN",NA,NA
"JEMMY",NA,NA
"JOANO",NA,NA
"JOKER",NA,NA
"JOSHS",NA,NA
"KELTI",NA,NA
"KINDS",NA,NA
"KINLQ",NA,NA
"KINPO",NA,NA
"KONKO",NA,NA
"LAZYS",NA,NA
"LENNY",NA,NA
"LEOSS",NA,NA
"LIGHT",NA,NA
"LIKEC",NA,NA
"LIMES",NA,NA
"LIMPR",NA,NA
"LITKN",NA,NA
"LITLH",NA,NA
"LKBEA",NA,NA
"LKBRF",NA,NA
"LKCHU",NA,NA
"LLASS",NA,NA
"LOLLY",NA,NA
"LONGS",NA,NA
"LOWSE",NA,NA
"LTBRO",NA,NA
"LTFLH",NA,NA
"LTNCK",NA,NA
"LTSPI",NA,NA
"M0686",NA,NA
"M1092",NA,NA
"M1791",NA,NA
"M2191",NA,NA
"M238S",NA,NA
"M3291",NA,NA
"M3293",NA,NA
"M3491",NA,NA
"M3493",NA,NA
"M3695",NA,NA
"M3894",NA,NA
"M4094",NA,NA
"M438S",NA,NA
"M4887",NA,NA
"MAGNI",NA,NA
"MAGYA",NA,NA
"MANES",NA,NA
"MANFR",NA,NA
"MASSI",NA,NA
"MERLI",NA,NA
"MHOLE",NA,NA
"MICHE",NA,NA
"MICKY",NA,NA
"MIDGE",NA,NA
"MILDS",NA,NA
"MOARY",NA,NA
"MOBGG",NA,NA
"MOCTT",NA,NA
"MODNP",NA,NA
"MOGPI",NA,NA
"MOLIB",NA,NA
"MOLIN",NA,NA
"MOMHI",NA,NA
"MOPRX",NA,NA
"MORCA",NA,NA
"MORFH",NA,NA
"MORRI",NA,NA
"MOWSP",NA,NA
"MSTRL",NA,NA
"MYRTL",NA,NA
"NAMEL",NA,NA
"NECKS",NA,NA
"NELSO",NA,NA
"NEWTS",NA,NA
"NICKS",NA,NA
"NIMRO",NA,NA
"NIPSS",NA,NA
"NOTCH",NA,NA
"NRFTY",NA,NA
"NTRYL",NA,NA
"ODDSS",NA,NA
"ORPHA",NA,NA
"OSCAR",NA,NA
"OSSIA",NA,NA
"PALEF",NA,NA
"PASSS",NA,NA
"PASTO",NA,NA
"PEBBL",NA,NA
"PETES",NA,NA
"PHANT",NA,NA
"PINCS",NA,NA
"PINKH",NA,NA
"PJANE",NA,NA
"PLIED",NA,NA
"POINT",NA,NA
"POPEY",NA,NA
"PROCO",NA,NA
"PROFE",NA,NA
"PRONG",NA,NA
"PROTE",NA,NA
"PUZ86",NA,NA
"RAVEL",NA,NA
"RAVEN",NA,NA
"RECTO",NA,NA
"REDYE",NA,NA
"REMUS",NA,NA
"RGRHI",NA,NA
"RGRIT",NA,NA
"RICKY",NA,NA
"RIMSS",NA,NA
"ROMUL",NA,NA
"ROWAN",NA,NA
"ROYAL",NA,NA
"RTHOL",NA,NA
"RTNIC",NA,NA
"RTWIS",NA,NA
"RUFOU",NA,NA
"RUINS",NA,NA
"S0692",NA,NA
"S1091",NA,NA
"S1094",NA,NA
"S1292",NA,NA
"S1692",NA,NA
"S2192",NA,NA
"S2393",NA,NA
"SADAM",NA,NA
"SAFIO",NA,NA
"SAGGY",NA,NA
"SAMES",NA,NA
"SAMSS",NA,NA
"SANTR",NA,NA
"SCARI",NA,NA
"SCOLL",NA,NA
"SDVIW",NA,NA
"SEELS",NA,NA
"SEREN",NA,NA
"SHAMU",NA,NA
"SHARK",NA,NA
"SHARP",NA,NA
"SHTNK",NA,NA
"SHUVS",NA,NA
"SIPAL",NA,NA
"SLIMH",NA,NA
"SLOPE",NA,NA
"SMILE",NA,NA
"SMONG",NA,NA
"SNARL",NA,NA
"SOBHR",NA,NA
"SOFTS",NA,NA
"SOOTY",NA,NA
"SORRY",NA,NA
"SPEED",NA,NA
"SPIKE",NA,NA
"SPIND",NA,NA
"SPNDL",NA,NA
"SPREA",NA,NA
"SPUDS",NA,NA
"SREDS",NA,NA
"STOBS",NA,NA
"STRIK",NA,NA
"STRIS",NA,NA
"STULS",NA,NA
"STUMP",NA,NA
"STURD",NA,NA
"SUPPL",NA,NA
"SWEEP",NA,NA
"SWEPB",NA,NA
"SWITC",NA,NA
"SYMME",NA,NA
"TALLS",NA,NA
"TALON",NA,NA
"TAMEG",NA,NA
"TAPLE",NA,NA
"TATTI",NA,NA
"TBONE",NA,NA
"TERLO",NA,NA
"THICK",NA,NA
"THORN",NA,NA
"THORS",NA,NA
"TIMSS",NA,NA
"TINYS",NA,NA
"TISPI",NA,NA
"TOMSS",NA,NA
"TOPIS",NA,NA
"TORMO",NA,NA
"TREVO",NA,NA
"TRIAN",NA,NA
"TRICK",NA,NA
"TRIPO",NA,NA
"TRNRI",NA,NA
"TRUBB",NA,NA
"TRUFF",NA,NA
"TUFTS",NA,NA
"TUFTW",NA,NA
"TURED",NA,NA
"TURKS",NA,NA
"TURPL",NA,NA
"TWINK",NA,NA
"TWIST",NA,NA
"TWITE",NA,NA
"TWST2",NA,NA
"UNILE",NA,NA
"UPRHI",NA,NA
"UPROA",NA,NA
"UPTUR",NA,NA
"USHAS",NA,NA
"USUAL",NA,NA
"VAGRA",NA,NA
"VALEN",NA,NA
"VASES",NA,NA
"VELVE",NA,NA
"VICTO",NA,NA
"VINCE",NA,NA
"VIRTU",NA,NA
"WANDS",NA,NA
"WAVES",NA,NA
"WDTYS",NA,NA
"WHEYE",NA,NA
"WHINO",NA,NA
"WILDS",NA,NA
"WILLS",NA,NA
"WINDY",NA,NA
"WINKL",NA,NA
"WINSS",NA,NA
"WISEE",NA,NA
"WISPS",NA,NA
"WIZZA",NA,NA
"WORRI",NA,NA
"X099H",NA,NA
"X0TA1",NA,NA
"XBLRT",NA,NA
"XBWSB",NA,NA
"XRRSB",NA,NA
"XRWSB",NA,NA
"XSR63",NA,NA
"XSRSY",NA,NA
"XSW70",NA,NA
"XSWSB",NA,NA
"XSXGW",NA,NA
"XSXGY",NA,NA
"XSXRY",NA,NA
"XTWSB",NA,NA
"XWBSB",NA,NA
"XWWSB",NA,NA
"Y0381",NA,NA
"Y1284",NA,NA
"Y1295",NA,NA
"Y1386",NA,NA
"Y1488",NA,NA
"Y1493",NA,NA
"Y1584",NA,NA
"Y1585",NA,NA
"Y1688",NA,NA
"Y1794",NA,NA
"Y1894",NA,NA
"Y1993",NA,NA
"Y1994",NA,NA
"Y2095",NA,NA
"Y2184",NA,NA
"Y2294",NA,NA
"Y2295",NA,NA
"Y2392",NA,NA
"Y2493",NA,NA
"Y2592",NA,NA
"Y2793",NA,NA
"Y2888",NA,NA
"Y2892",NA,NA
"Y2984",NA,NA
"Y3192",NA,NA
"Y3291",NA,NA
"Y3292",NA,NA
"Y3478",NA,NA
"Y3592",NA,NA
"Y3691",NA,NA
"Y4091",NA,NA
"Y4690",NA,NA
"Y4990",NA,NA
"YECOA",NA,NA
"YEEYE",NA,NA
"YESTE",NA,NA
"YTAGG",NA,NA
"YYURI",NA,NA
"APR73","APRIC",NA
"APR74","APRIC",NA
"APR75","APRIC",NA
"APR76","APRIC",NA
"APR79","APRIC",NA
"APR81","APRIC",NA
"AXISS",NA,"GROWT"
"BDLFT","MOWSP","THORS"
"BGR74","MOBGG",NA
"BIG74","BIGHE",NA
"BIG75","BIGHE",NA
"BIG78","BIGHE",NA
"BIG80","BIGHE",NA
"BLO70","BLOSS",NA
"BLO72","BLOSS","FAISA"
"BLO73","BLOSS",NA
"BLO74","BLOSS",NA
"BLO75","BLOSS",NA
"BLO77","BLOSS",NA
"BLO78","BLOSS",NA
"BLO80","BLOSS",NA
"BLO85","BLOSS",NA
"BLT68","BLTLE",NA
"BLT69","BLTLE","CRUSA"
"BLT71","BLTLE",NA
"BLT72","BLTLE",NA
"BLT73","BLTLE","CECIL"
"BLT75","BLTLE","ETHEL"
"BLT76","BLTLE",NA
"BLT78","BLTLE",NA
"BON79","TBONE",NA
"BON81","TBONE",NA
"BON82","TBONE",NA
"BON83","TBONE",NA
"BOSSS",NA,"CRUSA"
"BRE90","BREND",NA
"BRE94","BREND",NA
"BRO66","BROWH",NA
"BRO70","BROWH",NA
"BRO71","BROWH",NA
"BRO72","BROWH","THORS"
"BUDDY","BROWH",NA
"BUL65","BULGY",NA
"BUL70","BULGY","THORS"
"BUL71","BULGY","CRUSA"
"BUL72","BULGY","FAISA"
"BUL75","BULGY",NA
"BUR80","BURNE",NA
"CAI69","CAILL",NA
"CAI70","CAILL","HEINS"
"CAI71","CAILL",NA
"CAI72","CAILL",NA
"CAI73","CAILL",NA
"CAI74","CAILL",NA
"CHO70","CHOCH",NA
"CHO71","CHOCH",NA
"CHO72","CHOCH",NA
"CHO73","CHOCH","VICTO"
"CHO74","CHOCH",NA
"CHO75","CHOCH","PINCS"
"CHO76","CHOCH",NA
"CHO77","CHOCH",NA
"CHO78","CHOCH",NA
"CHRIS",NA,"D0246"
"CLE70","CLEOP",NA
"CLE72","CLEOP","D0246"
"CLE73","CLEOP","HEINS"
"CLE74","CLEOP",NA
"CLE75","CLEOP","SAGGY"
"CLE76","CLEOP","YESTE"
"CLE77","CLEOP","YESTE"
"CLE79","CLEOP",NA
"CLE80","CLEOP",NA
"CLE81","CLEOP",NA
"CMOFF",NA,"ARIST"
"COC72","COCKL",NA
"COC74","COCKL","D0244"
"COC75","COCKL",NA
"COC76","COCKL",NA
"COC77","COCKL",NA
"COC79","COCKL",NA
"COC81","COCKL",NA
"COC83","COCKL",NA
"COI77","COINH",NA
"COI79","COINH",NA
"COI81","COINH",NA
"COI83","COINH",NA
"COI85","COINH",NA
"COY71","COYHI",NA
"COY72","COYHI",NA
"COY73","COYHI",NA
"COY74","COYHI",NA
"COY75","COYHI",NA
"COY76","COYHI",NA
"CPBPT",NA,"TRICK"
"CRT70","CROTT",NA
"CRT71","CROTT",NA
"CRT72","CROTT","HEINS"
"CRT73","CROTT",NA
"CRT74","CROTT",NA
"CRT75","CROTT",NA
"CRT79","CROTT",NA
"CRT81","CROTT",NA
"D0185",NA,"D0205"
"D0227",NA,"LENNY"
"D0239",NA,"ARIST"
"DICKS",NA,"THORS"
"DKP86","DKPTH",NA
"DKP88","DKPTH",NA
"DRN00","DORNY",NA
"DSA97",NA,"LIKEC"
"ELG68","ELGRE",NA
"ELG71","ELGRE",NA
"FEE70","FEEDE",NA
"FEE71","FEEDE",NA
"FEE72","FEEDE",NA
"FEE73","FEEDE","HEINS"
"FEE74","FEEDE",NA
"FEE75","FEEDE",NA
"GLA69","GLASS",NA
"GLA70","GLASS",NA
"GLA72","GLASS",NA
"GLA74","GLASS",NA
"GLA75","GLASS",NA
"GLA76","GLASS",NA
"GPI75","MOGPI",NA
"GRE68","GREET",NA
"GRE69","GREET",NA
"GRE70","GREET",NA
"GRE72","GREET","HEINS"
"GRE73","GREET","HEINS"
"GRE74","GREET",NA
"GRE75","GREET",NA
"HUGOS","BLTLE","D0247"
"JAN78","PJANE",NA
"JAN80","PJANE",NA
"JAN81","PJANE",NA
"JAN82","PJANE",NA
"JAN84","PJANE",NA
"JAN86","PJANE",NA
"JOA92","JOANO",NA
"JOA94","JOANO",NA
"JUNCU",NA,"THORS"
"KEL78","KELTI",NA
"KEL79","KELTI",NA
"KEL81","KELTI",NA
"KEL84","KELTI",NA
"KKONG",NA,"D0242"
"LAS78","LLASS",NA
"LAS79","LLASS",NA
"LIAMS",NA,"CRUSA"
"LIBRA","MOLIB",NA
"LIT70","LITLH",NA
"LIT72","LITLH","FAISA"
"LIT73","LITLH","CECIL"
"LIT74","LITLH","D0243"
"LIT75","LITLH",NA
"LIT76","LITLH","FINGA"
"LIT78","LITLH",NA
"LIT81","LITLH",NA
"LIT82","LITLH",NA
"LTF70","LTFLH",NA
"LTF71","LTFLH",NA
"LTF72","LTFLH","HEINS"
"LTF73","LTFLH",NA
"LTF74","LTFLH","D0186"
"LTF75","LTFLH",NA
"LTF79","LTFLH",NA
"LTN80","LTNCK",NA
"LTNIK",NA,"CAESA"
"MAXIS",NA,"D0168"
"MHO67","MHOLE","CRUSA"
"MHO70","MHOLE",NA
"MHO71","MHOLE",NA
"MIC95","MICHE",NA
"MOA70","MOARY","D0237"
"MOG79","MOGPI",NA
"MOL72","MOLIN",NA
"MOL73","MOLIN",NA
"MOL74","MOLIN",NA
"MOM65","MOMHI","CRUSA"
"MOM67","MOMHI",NA
"MOM68","MOMHI",NA
"MOM69","MOMHI",NA
"MOM71","MOMHI",NA
"MOM72","MOMHI","FAISA"
"MOM73","MOMHI",NA
"MOM74","MOMHI",NA
"MOPRC",NA,"LIGHT"
"MOR74","MORFH",NA
"MOW71","MOWSP","FAISA"
"MYR72","MYRTL",NA
"MYR74","MYRTL","VICTO"
"MYR76","MYRTL",NA
"NOT89","NOTCH",NA
"OTAGG",NA,"D0247"
"PEB78","PEBBL",NA
"PEREG",NA,"LIGHT"
"PIBRO","MOLIB","CONAR"
"PNK78","PINKH",NA
"PNK82","PINKH",NA
"POLLU","BULGY","CRUSA"
"PROXY","MOPRX","D0188"
"QUINS",NA,"NICKS"
"RED72","REDYE","HEINS"
"RED73","REDYE","SAGGY"
"RED74","REDYE",NA
"RED75","REDYE",NA
"RED76","REDYE",NA
"RED82","REDYE","D0218"
"RED84","REDYE",NA
"RGR69","RGRHI","FAISA"
"RGR70","RGRHI",NA
"RGR71","RGRHI",NA
"RGR72","RGRHI","HEINS"
"RGR73","RGRHI","FAISA"
"RGR74","RGRHI",NA
"RGR75","RGRHI",NA
"RGR76","RGRHI",NA
"RGR77","RGRHI",NA
"RGR78","RGRHI",NA
"RGR79","RGRHI",NA
"RGR80","RGRHI",NA
"RGR81","RGRHI",NA
"RHINO",NA,"LIGHT"
"ROW73","ROWAN",NA
"ROW74","ROWAN",NA
"ROW75","ROWAN",NA
"ROW77","ROWAN",NA
"RTH70","RTHOL",NA
"RTH71","RTHOL",NA
"RTH72","RTHOL",NA
"RTH75","RTHOL",NA
"RTN67","RTNIC",NA
"RTN69","RTNIC","CRUSA"
"RTN70","RTNIC",NA
"RTN73","RTNIC","SDVIW"
"RTN74","RTNIC",NA
"RTN75","RTNIC",NA
"RTN76","RTNIC",NA
"SCO71","SCOLL","D0221"
"SCO72","SCOLL","THORS"
"SCO74","SCOLL",NA
"SCO75","SCOLL","SDVIW"
"SCO77","SCOLL",NA
"SCO79","SCOLL",NA
"SCO81","SCOLL","PHANT"
"SCO83","SCOLL",NA
"SCOWL",NA,"D0200"
"SICKT","MOCTT",NA
"SLIPP",NA,"D0168"
"SLM70","SLIMH",NA
"SMI85","SMILE",NA
"SMI87","SMILE",NA
"SOB68","SOBHR",NA
"SOB69","SOBHR",NA
"SOB70","SOBHR",NA
"SOB71","SOBHR",NA
"SOB72","SOBHR",NA
"SOB73","SOBHR",NA
"SOB74","SOBHR",NA
"SOLOM","MOWSP","THORS"
"SOO72","SOOTY",NA
"SPE83","SPEED",NA
"SPE86","SPEED",NA
"SPE89","SPEED",NA
"SPR72","SPREA",NA
"SQUAS",NA,"D0248"
"STARN",NA,"CRUSA"
"STU82","STURD",NA
"STUBB",NA,"D0246"
"THI70","ELG66",NA
"THI72","ELG66",NA
"THI73","ELG66",NA
"THI74","ELG66",NA
"THI76","ELG66",NA
"TRN69","TRNRI","CAESA"
"TRN70","TRNRI",NA
"TRN71","TRNRI",NA
"TRN72","TRNRI","FAISA"
"TRN73","TRNRI","D0186"
"TRN74","TRNRI","THORS"
"TRN75","TRNRI",NA
"TRN76","TRNRI",NA
"TRN77","TRNRI",NA
"TRN80","TRNRI",NA
"TRU97","TRUFF",NA
"UPR68","UPRHI","CRUSA"
"UPR71","UPRHI","CRUSA"
"UPR72","UPRHI","FAISA"
"UPR73","UPRHI","CECIL"
"UPR74","UPRHI",NA
"UPR75","UPRHI","CECIL"
"UPR76","UPRHI",NA
"UPR78","UPRHI","CONAR"
"UPT70","UPTUR","D0237"
"UPT71","UPTUR","CECIL"
"UPT74","UPTUR","D0186"
"UPT75","UPTUR",NA
"UPT76","UPTUR","ELSIV"
"UPT77","UPTUR","YESTE"
"UPT78","UPTUR","YESTE"
"UPT80","UPTUR",NA
"VAL94","VALEN",NA
"WEY73","WHEYE",NA
"WEY76","WHEYE",NA
"WEY78","WHEYE",NA
"WHIGR","YTAGG",NA
"WIN71","WINKL",NA
"WIN73","WINKL",NA
"WIN74","WINKL",NA
"WIN76","WINKL",NA
"WIN77","WINKL",NA
"WIN78","WINKL",NA
"YELLO",NA,"HAMIS"
"YEY80","YEEYE",NA
"YTA70","YTAGG",NA
"YTA71","YTAGG",NA
"YTA72","YTAGG","HEINS"
"YTA73","YTAGG",NA
"YTA74","YTAGG",NA
"YTA75","YTAGG",NA
"YTA76","YTAGG","D0221"
"YTA78","YTAGG",NA
"YTA80","YTAGG",NA
"AGA84","RTH72",NA
"AIDAN","MOPRC",NA
"ALM80","APR75",NA
"ALM82","APR75",NA
"ALM84","APR75",NA
"ALM86","APR75",NA
"ASH76","ROW74",NA
"AVO81","UPT78",NA
"AVO82","UPT78","CLE72"
"AVO86","UPT78",NA
"AVO91","UPT78",NA
"BAR75","UPR71","ETHEL"
"BAR76","UPR71",NA
"BAR77","UPR71","BOSSS"
"BAR78","UPR71",NA
"BAR79","UPR71","BOSSS"
"BAR80","UPR71","RGR72"
"BAR81","UPR71","BOSSS"
"BAR82","UPR71","GROWT"
"BAR83","UPR71","GROWT"
"BET71","BLT68",NA
"BET73","BLT68",NA
"BET74","BLT68",NA
"BET75","BLT68",NA
"BET76","BLT68","YESTE"
"BET78","BLT68",NA
"BET80","BLT68",NA
"BIG76","BIGHE","SOLOM"
"BIGSG",NA,"SLIPP"
"BLC76","BLO72",NA
"BLC77","BLO72",NA
"BLC79","BLO72",NA
"BLC80","BLO72",NA
"BLC81","BLO72","GROWT"
"BLC82","BLO72","TRN73"
"BLC83","BLO72",NA
"BLC85","BLO72",NA
"BLC87","BLO72",NA
"BLC89","BLO72",NA
"BLO82","BLOSS","TRN73"
"BNY85","BON81",NA
"BNY86","BON81",NA
"BR274","BRO70","SAGGY"
"BR276","BRO70",NA
"BR278","BRO70",NA
"BR280","BRO70",NA
"BRA72","ELG68",NA
"BRA74","ELG68",NA
"BRA76","ELG68",NA
"BRA77","ELG68",NA
"BRA79","ELG68",NA
"BRA80","ELG68",NA
"BRA81","ELG68",NA
"BRF74","FEE71",NA
"BRF76","FEE71","SAGGY"
"BRF77","FEE71",NA
"BRF79","FEE71","MAXIS"
"BRF82","FEE71",NA
"BST73","MHO67","HEINS"
"BST74","MHO67","SAGGY"
"BST75","MHO67","YESTE"
"BST76","MHO67",NA
"BST77","MHO67",NA
"BUL73","BULGY","STARN"
"CAL79","MOL73",NA
"CAR79","COC75",NA
"CAR81","COC75",NA
"CAR84","COC75",NA
"CAR85","COC75",NA
"CHE72","BLT69","D0186"
"CHE73","BLT69",NA
"CHE74","BLT69",NA
"CHE75","BLT69","D0244"
"CHE76","BLT69","D0239"
"CHE77","BLT69","STARN"
"CHE78","BLT69",NA
"CHE80","BLT69","SOO72"
"CHE81","BLT69",NA
"CHE82","BLT69","CRT72"
"CHEST",NA,"JUNCU"
"CLA82","CLE77","PHANT"
"CLA85","CLE77","LTNIK"
"CLA87","CLE77","D0200"
"CLM78","CLE74",NA
"CLM79","CLE74","SCO71"
"CLM80","CLE74","CRT72"
"CLM82","CLE74","PHANT"
"CLM85","CLE74",NA
"CMO77","CMOFF","SAGGY"
"CMO78","CMOFF","JUNCU"
"COLLE","OTAGG",NA
"CONFI",NA,"BUL72"
"COP81","COI77",NA
"COP83","COI77",NA
"COP85","COI77",NA
"COR76","RTN73",NA
"COR78","RTN73",NA
"COR81","RTN73","TRN73"
"CRE80","CLE76","PHANT"
"CRE82","CLE76","PHANT"
"CRE84","CLE76","LTNIK"
"CRE85","CLE76",NA
"CROSS",NA,"UPR78"
"CRT76","CROTT","MAXIS"
"CRT77","CROTT","MAXIS"
"CUR78","UPT74","PHANT"
"CUR80","UPT74",NA
"CUR81","UPT74","MAXIS"
"CUR85","UPT74","TRN77"
"D0201",NA,"FEE73"
"D0225",NA,"DICKS"
"D0236",NA,"CAI70"
"D0252",NA,"STUBB"
"DAM78","APR73",NA
"DAM80","APR73",NA
"DAM84","APR73",NA
"DAR77","BLT73",NA
"DAR79","BLT73",NA
"DAR82","BLT73","PHANT"
"DEC79","COY75",NA
"DEC81","COY75","RED72"
"DOR75","YTA72",NA
"DOR76","YTA72",NA
"DOR77","YTA72",NA
"DOR78","YTA72","JUNCU"
"DOR80","YTA72",NA
"DOR82","YTA72","LIT76"
"DOR83","YTA72","LIKEC"
"FEN92","RED82","D0205"
"FIR74","BUL70",NA
"FIR75","BUL70","ETHEL"
"FIR76","BUL70",NA
"FIR77","BUL70",NA
"FIR78","BUL70",NA
"FIR79","BUL70",NA
"FIR81","BUL70",NA
"FIR83","BUL70",NA
"FLY78","LTF74",NA
"FLY80","LTF74",NA
"FLY82","LTF74",NA
"FLY86","LTF74","MASSI"
"FORTS",NA,"CLE72"
"GL373","GLA69","THORS"
"GL375","GLA69","PINCS"
"GL376","GLA69","PINCS"
"GL377","GLA69",NA
"GL378","GLA69",NA
"GL380","GLA69","SOO72"
"GRC76","GRE72","YESTE"
"GRC77","GRE72",NA
"GRC79","GRE72","BOSSS"
"GRC81","GRE72","MYR72"
"GRC84","GRE72",NA
"GRIST",NA,"CPBPT"
"HIC78","BLT75",NA
"HIC81","BLT75","RED73"
"IBI81","UPT77","MAXIS"
"IBI82","UPT77","MAXIS"
"IBI83","UPT77",NA
"JACKS",NA,"SLIPP"
"JAM80","APR76",NA
"JEM87","JAN80",NA
"JEM88","JAN80",NA
"JEM90","JAN80",NA
"JES88","JAN84","BITES"
"JES92","JAN84",NA
"JOA90","JAN82",NA
"JOS74","ELG71",NA
"JOS76","ELG71",NA
"JOS77","ELG71",NA
"JOS78","ELG71",NA
"JOS79","ELG71","MAXIS"
"JOS81","ELG71",NA
"JOS82","ELG71",NA
"JSC90","JAN86",NA
"KIL74","BUL71",NA
"KIL75","BUL71",NA
"KIL76","BUL71","ELSIV"
"KIL77","BUL71",NA
"KIL78","BUL71",NA
"KIL79","BUL71","SAGGY"
"KIL80","BUL71",NA
"KIL81","BUL71",NA
"KIL82","BUL71","UPR72"
"KIL84","BUL71",NA
"KIL85","BUL71",NA
"KIN76","ROW73",NA
"KIN77","ROW73",NA
"KIN78","ROW73",NA
"KIN81","ROW73",NA
"KIN82","ROW73",NA
"KIW79","BLO75","MAXIS"
"KIW81","BLO75",NA
"KIW84","BLO75",NA
"KIW87","BLO75","D0219"
"LIB78","LIBRA","BLT71"
"LIB82","LIBRA",NA
"LIB83","LIBRA",NA
"LIC74","CRT71",NA
"LIC76","CRT71","MAXIS"
"LIC77","CRT71",NA
"LIC78","CRT71",NA
"LIC79","CRT71",NA
"LIT79","LITLH","BLT71"
"LTF77","LTFLH","BOSSS"
"MAG71","MOM67",NA
"MAG72","MOM67","FAISA"
"MAG74","MOM67",NA
"MAG77","MOM67",NA
"MAG80","MOM67",NA
"MAN77","MOM72",NA
"MAN78","MOM72",NA
"MAN79","MOM72",NA
"MAN80","MOM72",NA
"MAN82","MOM72",NA
"MIS77","THI73",NA
"MOC79","CHO75",NA
"MOC80","CHO75",NA
"MOC82","CHO75",NA
"MOC84","CHO75","LTNIK"
"MOC85","CHO75","MASSI"
"MOD72","MOM65","FAISA"
"MOD73","MOM65",NA
"MOD74","MOM65","VICTO"
"MOG77","MOGPI","BLT71"
"MOL70","MOM65",NA
"MOL75","MOM65","PINCS"
"MOL77","MOM65",NA
"MOL79","MOM65","BLT71"
"MON89","COI83",NA
"MOP72","MOM68",NA
"MOP74","MOM68",NA
"MOP76","MOM68",NA
"MOP79","MOM68",NA
"MOP80","MOM68",NA
"MOS78","CRT74","MAXIS"
"MOS80","CRT74","MAXIS"
"MOS82","CRT74","PHANT"
"MOS85","CRT74",NA
"MOY73","UPR68","CECIL"
"MOY74","UPR68","D0186"
"MOY75","UPR68","STARN"
"MOY76","UPR68","BOSSS"
"MOY77","UPR68",NA
"MOY78","UPR68","RGR69"
"MOY79","UPR68",NA
"MOY81","UPR68",NA
"MOY82","UPR68","BLT71"
"MUS77","RED74","MAXIS"
"MUS79","RED74","SCO71"
"MUS81","RED74","CORKS"
"MUS92","RED74",NA
"MYT76","COC72",NA
"MYT78","COC72",NA
"MYT80","COC72",NA
"MYT82","COC72",NA
"MYT84","COC72",NA
"NOB74","BUL65",NA
"NOB75","BUL65",NA
"NOB76","BUL65","YESTE"
"NOB77","BUL65",NA
"NOB78","BUL65","YESTE"
"NOB79","BUL65",NA
"NRSWI","MOWSP","MAXIS"
"NUC78","SCO74",NA
"NUC79","SCO74",NA
"NUC81","SCO74",NA
"NUC83","SCO74",NA
"NUC85","SCO74",NA
"OST81","COC76","D0241"
"OST83","COC76",NA
"OST85","COC76",NA
"OTA70","OTAGG",NA
"OTA71","OTAGG",NA
"OTA72","OTAGG",NA
"OTA74","OTAGG",NA
"OTA75","OTAGG",NA
"OTA76","OTAGG","MAXIS"
"OTA77","OTAGG","MAXIS"
"OTA78","OTAGG",NA
"OTA80","OTAGG","SPIKE"
"OTA81","OTAGG","CRT72"
"OTA85","OTAGG",NA
"OTT89","SCO83",NA
"PER79","LIT75",NA
"PER81","LIT75",NA
"PGB71","SOB68",NA
"PGB72","SOB68",NA
"PGB73","SOB68",NA
"PGB74","SOB68",NA
"PGB75","SOB68",NA
"PGB76","SOB68",NA
"PGB77","SOB68",NA
"PGB78","SOB68",NA
"PGB81","SOB68",NA
"PGB83","SOB68","MASSI"
"PGB85","SOB68",NA
"PHO80","FEE75",NA
"PIB83","PIBRO",NA
"PIB85","PIBRO",NA
"PIB87","PIBRO",NA
"PLO77","TRN74","CONGA"
"PLO79","TRN74","BOSSS"
"PLO82","TRN74","GROWT"
"PLO86","TRN74",NA
"POL73","POLLU","D0186"
"POL74","POLLU",NA
"POL75","POLLU",NA
"POL76","POLLU",NA
"POL77","POLLU","SOLOM"
"POL79","POLLU","RGR72"
"POL82","POLLU",NA
"PRY75","WIN71",NA
"PRY77","WIN71",NA
"PRY78","WIN71",NA
"PRY79","WIN71",NA
"PRY80","WIN71",NA
"PRY81","WIN71",NA
"PRY82","WIN71",NA
"PRY84","WIN71",NA
"PRY85","WIN71",NA
"RAN79","YTA75",NA
"RAN81","YTA75",NA
"RAN82","YTA75","D0245"
"RAN83","YTA75",NA
"RAN84","YTA75",NA
"RAN85","YTA75",NA
"RED77","REDYE","MAXIS"
"RED79","REDYE","SCO71"
"RET78","RTN74",NA
"ROCKY",NA,"SLIPP"
"ROS84","PNK78",NA
"ROS85","PNK78",NA
"SCI85","BLO80",NA
"SCO76","SCOLL","MAXIS"
"SCO78","SCOLL","SOO72"
"SEP77","CHO73","BOSSS"
"SEP78","CHO73","CONAR"
"SEP80","CHO73",NA
"SEP82","CHO73","BLT71"
"SEP83","CHO73","GROWT"
"SEP84","CHO73",NA
"SEP86","CHO73",NA
"SIC75","SICKT",NA
"SIC77","SICKT",NA
"SIC78","SICKT",NA
"SIE73","LIT70",NA
"SIE75","LIT70",NA
"SIE77","LIT70",NA
"SIE78","LIT70",NA
"SIE81","LIT70",NA
"SIE83","LIT70",NA
"SIE84","LIT70",NA
"SIE85","LIT70",NA
"SIL79","LIT70",NA
"SIL82","LIT70",NA
"SLE76","THI72",NA
"SLE77","THI72",NA
"SNI76","GRE73",NA
"SNI77","GRE73","MAXIS"
"SNI79","GRE73",NA
"SNI81","GRE73",NA
"SOR83","ROW77",NA
"SPRIG",NA,"BUDDY"
"TAB77","YTA73",NA
"TAL70","BRO66","FAISA"
"TAL71","BRO66","FAISA"
"TAL72","BRO66","THORS"
"TAL73","BRO66",NA
"TAL74","BRO66",NA
"TAL75","BRO66","CONGA"
"TAL76","BRO66",NA
"TAL77","BRO66","D0221"
"TAL78","BRO66",NA
"TAN80","THI76",NA
"TER75","TRN72","STARN"
"TER76","TRN72",NA
"TER77","TRN72",NA
"TER78","TRN72",NA
"TER79","TRN72","BOSSS"
"TER80","TRN72","BOSSS"
"TER83","TRN72","GROWT"
"TER84","TRN72","FLINT"
"THO77","YTA74",NA
"THO78","YTA74","JUNCU"
"THO80","YTA74","PHANT"
"THO81","YTA74","CLE72"
"THO82","YTA74","D0218"
"THO83","YTA74",NA
"THO86","YTA74","YELLO"
"TIB86","BON82",NA
"TIB88","BON82",NA
"TIT79","CLE75","BLT71"
"TIT81","CLE75",NA
"TIT82","CLE75","PHANT"
"TIT84","CLE75","LTNIK"
"TOP86","YEY80",NA
"TOR72","TRN69","CECIL"
"TOR73","TRN69",NA
"TOR74","TRN69","PINCS"
"TOR75","TRN69","BOSSS"
"TOR76","TRN69","D0239"
"TOR77","TRN69",NA
"TOR78","TRN69","BOSSS"
"TOR79","TRN69",NA
"TOR80","TRN69",NA
"UPT79","UPTUR","MAXIS"
"UPT82","UPTUR","CRT72"
"VER74","RGR71","D0243"
"VER75","RGR71",NA
"VER76","RGR71",NA
"VER77","RGR71",NA
"VER78","RGR71","MAXIS"
"VER79","RGR71","MAXIS"
"VER80","RGR71","CRT72"
"VER81","RGR71","MAXIS"
"VER82","RGR71","CRT72"
"VER84","RGR71","YELLO"
"VER85","RGR71","TRN77"
"VIC78","APR74",NA
"VIC80","APR74","CLE72"
"VIX79","LTF73",NA
"VIX80","LTF73",NA
"VIX82","LTF73",NA
"VIX84","LTF73",NA
"WAVYS",NA,"SOB70"
"WHE77","UPR74","BLT71"
"WHE79","UPR74",NA
"WHE82","UPR74","SPIKE"
"WHE83","UPR74","UPR72"
"WHE84","UPR74",NA
"WHE86","UPR74",NA
"WHE88","UPR74",NA
"WHI72","WHIGR","THORS"
"WHI73","WHIGR","CAESA"
"WHI75","WHIGR",NA
"WHI76","WHIGR","MAXIS"
"WHI77","WHIGR",NA
"WHI79","WHIGR",NA
"WHI82","WHIGR","COY76"
"WHO79","MYR74","MAXIS"
"WHO83","MYR74",NA
"WHO85","MYR74",NA
"WHO87","MYR74",NA
"WHO88","MYR74",NA
"WID74","MOW71",NA
"WID75","MOW71",NA
"WID78","MOW71",NA
"WID79","MOW71","JUNCU"
"WID81","MOW71",NA
"WID84","MOW71",NA
"YHO71","GRE68","D0237"
"YHO72","GRE68","HEINS"
"YHO74","GRE68","SAGGY"
"YHO75","GRE68",NA
"YHO76","GRE68","MAXIS"
"YHO78","GRE68",NA
"YHO79","GRE68",NA
"YTA77","YTAGG","MAXIS"
"ZEBRA","MOLIB","BLT71"
"ADZ79","MOY74",NA
"ADZ80","MOY74",NA
"ADZ81","MOY74",NA
"ADZ82","MOY74",NA
"ADZ84","MOY74",NA
"ADZ85","MOY74","TER75"
"AMA86","ALM82",NA
"ANK86","KIL82",NA
"ANK87","KIL82","YTA77"
"ANK89","KIL82","TIT79"
"ANK90","KIL82","VER81"
"ANK91","KIL82","SCO81"
"ANK92","KIL82","VER81"
"APH00","THO86","RHINO"
"APH90","THO86","WAVYS"
"APH91","THO86","TOPIS"
"APH93","THO86",NA
"APH94","THO86","D0201"
"APH95","THO86","D0209"
"APH96","THO86","LENNY"
"APH98","THO86","D0199"
"ASP76","TOR72",NA
"ASP77","TOR72","STARN"
"ASP78","TOR72",NA
"ASP80","TOR72",NA
"ASP82","TOR72","BLT71"
"ASP83","TOR72","SOO72"
"ATH85","THO81",NA
"ATH87","THO81","OTA76"
"ATH91","THO81","CONFI"
"AVO83","UPT78","CHE75"
"AVO84","UPT78","ROCKY"
"AVO85","UPT78","ROCKY"
"AVO88","UPT78","JACKS"
"AVO89","UPT78","KIW79"
"BAR84","UPR71","BET76"
"BAR85","UPR71","RED77"
"BIL84","WHO79","LTNIK"
"BIL85","WHO79",NA
"BOT79","GL375","BLT71"
"BOT81","GL375","TRN73"
"BOT84","GL375","TAL75"
"BOT85","GL375",NA
"BR281","BRO70","WHI72"
"BRC76","BRA72",NA
"BRC78","BRA72",NA
"BRC80","BRA72",NA
"BRC82","BRA72","LIKEC"
"BRI85","BRA81",NA
"BRI87","BRA81",NA
"BRI89","BRA81",NA
"BRNCH",NA,"ROCKY"
"BUC77","BUL73",NA
"BUC79","BUL73","YESTE"
"BUC81","BUL73","YHO72"
"BUC82","BUL73","LTNIK"
"BUC83","BUL73","TER75"
"BUC84","BUL73","TER75"
"BUC86","BUL73","LTNIK"
"BUC87","BUL73","YTA77"
"BUC88","BUL73","YTA77"
"BUC89","BUL73","YTA77"
"CAN77","WHI73",NA
"CAN79","WHI73",NA
"CAN80","WHI73","CLE72"
"CAN81","WHI73","CLE72"
"CAN82","WHI73","SPIKE"
"CAN83","WHI73",NA
"CAN85","WHI73",NA
"CAN87","WHI73",NA
"CAN89","WHI73",NA
"CAP82","SNI77","NRSWI"
"CAP84","SNI77","LTNIK"
"CAP85","SNI77",NA
"CAP88","SNI77","ROCKY"
"CFU80","CMO77",NA
"CFU82","CMO77","BLT71"
"CFU84","CMO77","LIKEC"
"CFU85","CMO77","ROCKY"
"CFU87","CMO77","ROCKY"
"CFU89","CMO77","CUR81"
"CHE84","BLT69","TER75"
"CHI87","PGB83",NA
"CHI89","PGB83","CLM79"
"CHI92","PGB83",NA
"CHI94","PGB83",NA
"CHI95","PGB83",NA
"CHI96","PGB83",NA
"CHP90","BLC83",NA
"CHP91","BLC83",NA
"CHP92","BLC83",NA
"CID85","PRY82",NA
"CIN76","BST73","HECTO"
"CIN78","BST73","MAXIS"
"CIN80","BST73","WHI72"
"CIN82","BST73","SCO75"
"CLA83","CLE77","LIC74"
"CLA89","CLE77","KIW79"
"CLM84","CLE74","NRSWI"
"COL72","COLLE","HEINS"
"COL73","COLLE","HEINS"
"COL74","COLLE","SAGGY"
"COL75","COLLE",NA
"COL76","COLLE",NA
"COL78","COLLE","MAXIS"
"COL79","COLLE","SCO71"
"COL80","COLLE","PHANT"
"COL82","COLLE","D0208"
"COW79","PGB75","SCO71"
"COW80","PGB75","RED72"
"CRA80","BIG76",NA
"CRA81","BIG76","GROWT"
"CRA82","BIG76","SOO72"
"CRA83","BIG76","RED77"
"CRA84","BIG76","TER75"
"CRA85","BIG76","FLINT"
"CRA86","BIG76","RED79"
"CRA87","BIG76","LIT76"
"CRAGS",NA,"ROCKY"
"CRB88","MOC84","YTA77"
"CRB90","MOC84","RED77"
"CRB91","MOC84","BAR82"
"CRB94","MOC84",NA
"CRB95","MOC84","CUR85"
"CRK83","KIN77",NA
"CUR83","UPT74","NRSWI"
"CUR84","UPT74","RED77"
"D0182",NA,"LIC76"
"D0215",NA,"YHO72"
"D0228",NA,"LIC76"
"D0229",NA,"CHEST"
"D0231",NA,"CHEST"
"D0232",NA,"FORTS"
"D0233",NA,"CHE75"
"D0234",NA,"YHO72"
"DBL89",NA,"BAR82"
"DOR85","YTA72","OTA76"
"DSA99",NA,"TOR76"
"DUI87","DOR82","BRF76"
"DUI89","DOR82","COY76"
"DUI91","DOR82",NA
"EXO85","AVO82",NA
"FAG77","CHE73",NA
"FAG79","CHE73","SCO71"
"FAG81","CHE73",NA
"FEA85","PLO82","TRN77"
"FEA87","PLO82","RED77"
"FEA89","PLO82","VER81"
"FEA90","PLO82","RED77"
"FEA93","PLO82",NA
"FEA94","PLO82","CUR85"
"FEN86","RED82","BET76"
"FEN89","RED82","ROCKY"
"FEN91","RED82","CONFI"
"FID82","VER78","CRT72"
"FID84","VER78",NA
"FID85","VER78","QUINS"
"FID86","VER78","SEP77"
"FID87","VER78","RED79"
"FID88","VER78","BITES"
"FID89","VER78","JACKS"
"FLA83","UPT79","YELLO"
"FLA85","UPT79",NA
"FLA87","UPT79","OTA76"
"FLA88","UPT79",NA
"FLA90","UPT79","ROCKY"
"FLA93","UPT79","CROSS"
"FLY83","LTF74","NRSWI"
"FOL75","MOD72","CONGA"
"FOL77","MOD72",NA
"FOL80","MOD72",NA
"FOL81","MOD72","YHO72"
"FOL83","MOD72","GROWT"
"FOL84","MOD72","RED77"
"FOL86","MOD72","RED77"
"FOL88","MOD72","RED77"
"FRE83","THO78","D0208"
"FRE85","THO78",NA
"FRE87","THO78","BRF76"
"FRE89","THO78","D0217"
"FRE90","THO78","D0204"
"GAL81","POL77",NA
"GAL83","POL77","LTNIK"
"GAL84","POL77","RED77"
"GAL85","POL77",NA
"GAL86","POL77","ROCKY"
"GAL87","POL77","YTA77"
"GAL89","POL77","JACKS"
"GAL90","POL77","CHE82"
"GEM83","POL79","BST74"
"GEM84","POL79","RED77"
"GEM85","POL79",NA
"GEM88","POL79","TIT79"
"GEM90","POL79","SCO81"
"GEM91","POL79","CHE82"
"GRC85","GRE72","TER75"
"HAR80","MOY76",NA
"HAR81","MOY76",NA
"HAR82","MOY76","TAL75"
"HAR84","MOY76","SCO75"
"HAR85","MOY76","YTA77"
"HIC80","BLT75","MAG72"
"HIC82","BLT75","YHO72"
"HIC83","BLT75","TER75"
"HIC84","BLT75","TER75"
"HIC85","BLT75","TER75"
"HIC88","BLT75","YTA77"
"HIC89","BLT75","VER81"
"HIC90","BLT75","VER81"
"HIC91","BLT75","TIT79"
"HIC92","BLT75","VER81"
"IBI84","UPT77","TOR76"
"IDU84","THO80","OTA76"
"ILE84","CHE80","TER75"
"ILE86","CHE80","LTNIK"
"ILE87","CHE80","TER75"
"ILE89","CHE80","TIT79"
"ILE92","CHE80","VER81"
"INI83","VER79","LIT74"
"INI85","VER79",NA
"INI87","VER79","RED79"
"INI88","VER79","CRE80"
"INI91","VER79",NA
"JEN77","JOS74",NA
"JOW84","WID79","LTNIK"
"JOW85","WID79",NA
"JOW87","WID79",NA
"JOW89","WID79","ROCKY"
"JOW93","WID79","CRUMP"
"JUG83","BRF79","NRSWI"
"JUG84","BRF79",NA
"JUG85","BRF79","TOR76"
"JUG87","BRF79","OTA76"
"JUG88","BRF79",NA
"JUG90","BRF79","RED79"
"JUN77","BET73",NA
"JUN78","BET73",NA
"JUN80","BET73",NA
"JUN81","BET73","CORKS"
"JUN82","BET73","SOO72"
"JUN84","BET73","LTNIK"
"JUN85","BET73","ROCKY"
"KIERA",NA,"BIGSG"
"KIL83","BUL71","TER75"
"KIN89","DKP86","CONFI"
"KIP81","WID78",NA
"KIP84","WID78",NA
"KIP87","WID78",NA
"KIW85","BLO75","KIL76"
"KIW91","BLO75","SEP83"
"LAM81","CMO78","CRT72"
"LAM84","CMO78","ROCKY"
"LAM86","CMO78","ROCKY"
"LAM87","CMO78","MUS79"
"LAP78","MOL75",NA
"LAP81","MOL75","CLE72"
"LAP83","MOL75","D0245"
"LEN78","MOY73",NA
"LEN81","MOY73","PHANT"
"LEN83","MOY73","GROWT"
"LEN84","MOY73",NA
"LEN85","MOY73",NA
"LENOT",NA,"OTA76"
"LIM77","POL73",NA
"LIM78","POL73",NA
"LIM80","POL73","MAXIS"
"LIM82","POL73",NA
"LIM83","POL73","LTNIK"
"LIM85","POL73","TRN77"
"LIZ82","LTF77","TOR74"
"LIZ83","LTF77","GROWT"
"LIZ86","LTF77","KIL76"
"LIZ87","LTF77",NA
"LIZ89","LTF77","D0219"
"LIZ92","LTF77",NA
"LOB82","TOR78","GROWT"
"LOB84","TOR78","TAL75"
"LOB85","TOR78","RED77"
"LOB86","TOR78","MASSI"
"LOB87","TOR78","RED77"
"LOB88","TOR78","VER81"
"LOG80","BRA77",NA
"LOG82","BRA77",NA
"LOG84","BRA77",NA
"LUC86","NUC81",NA
"LUZ82","DOR78","MAXIS"
"LUZ85","DOR78",NA
"LUZ86","DOR78","YELLO"
"LUZ87","DOR78",NA
"LUZ88","DOR78",NA
"LUZ90","DOR78","D0204"
"MAC78","YHO74",NA
"MAC81","YHO74","D0241"
"MAC83","YHO74",NA
"MAC85","YHO74","OTA76"
"MAC87","YHO74",NA
"MAN83","MOM72","TOR74"
"MAN85","MOM72","RED77"
"MAW79","MOD74","BLT71"
"MAW81","MOD74","GROWT"
"MAW83","MOD74","GROWT"
"MAW85","MOD74","FLINT"
"MEL75","YHO71","SAGGY"
"MEL76","YHO71","MAXIS"
"MEL77","YHO71","SAGGY"
"MEL79","YHO71","PHANT"
"MEL83","YHO71","RED73"
"MEL84","YHO71","LTNIK"
"MEL86","YHO71","OTA76"
"MEL87","YHO71","AXISS"
"MEL88","YHO71","ROCKY"
"MIN78","WID74",NA
"MOO86","MOY82",NA
"MOO88","MOY82","RED77"
"MOO90","MOY82",NA
"MOO91","MOY82","RED77"
"MOO94","MOY82",NA
"MOO95","MOY82","SEP83"
"MOS83","CRT74","TOR74"
"MUS83","RED74","NRSWI"
"MUS84","RED74","OTA76"
"MUS85","RED74","BRF76"
"MUS87","RED74","OTA76"
"MUS89","RED74","JACKS"
"NEL81","JOS77",NA
"NIBSI",NA,"CHE75"
"NON80","NOB76",NA
"NON82","NOB76","LTNIK"
"NON83","NOB76","TER75"
"NON84","NOB76","TER75"
"NON86","NOB76","YTA77"
"NON87","NOB76","AXISS"
"NON88","NOB76","TIT79"
"OAT87","BAR83","RED77"
"OAT89","BAR83","RED77"
"OAT90","BAR83","RED77"
"OAT92","BAR83","TIT79"
"ORP91","CLA87","RED79"
"OTC75","OTA72",NA
"OTC76","OTA72",NA
"PEC81","SCO76","CORKS"
"PEC82","SCO76","MAXIS"
"PEC84","SCO76",NA
"PEC85","SCO76","ROCKY"
"PEC86","SCO76",NA
"PEC87","SCO76",NA
"PEC89","SCO76","BITES"
"PEC90","SCO76","BITES"
"PEC93","SCO76",NA
"PEN84","BAR80","MASSI"
"PEN86","BAR80","RED77"
"PEN87","BAR80","RED77"
"PEN88","BAR80",NA
"PEN89","BAR80","RED77"
"PEN90","BAR80","TIT79"
"PEN91","BAR80","RED77"
"PEN92","BAR80","VER84"
"PEP85","MUS81","OTA76"
"PEP86","MUS81","BRF76"
"PEP88","MUS81",NA
"PEP90","MUS81","WAVYS"
"PEP93","MUS81","D0251"
"PEP94","MUS81","LENNY"
"PEP95","MUS81","TURKS"
"PIN74","TAL70","D0186"
"PIN76","TAL70",NA
"PIN77","TAL70",NA
"PIN78","TAL70","MAXIS"
"PIN80","TAL70",NA
"PIN83","TAL70","LIC74"
"PIS88","ALM84",NA
"PLO84","TRN74","RED77"
"PLU84","DAM78","D0198"
"PLU85","DAM78",NA
"PLU87","DAM78",NA
"POL81","POLLU","MAG72"
"POL84","POLLU","RED77"
"PRA89","TER84","RED77"
"PRA91","TER84","RED77"
"PRA92","TER84","CHE82"
"PRI77","PGB74",NA
"PRI79","PGB74","MAXIS"
"PRI80","PGB74",NA
"PRI81","PGB74",NA
"PRI82","PGB74","PHANT"
"PRI83","PGB74","MAG72"
"PRI84","PGB74",NA
"PRI85","PGB74",NA
"PRI86","PGB74",NA
"PRI87","PGB74",NA
"PRI89","PGB74","D0217"
"PRI90","PGB74",NA
"PRK83","OTA78","SOO72"
"QUA79","BR274",NA
"QUA81","BR274",NA
"QUA83","BR274",NA
"QUA84","BR274",NA
"QUA87","BR274",NA
"RED81","REDYE","BAR75"
"RHY82","MOS78","PHANT"
"RHY84","MOS78","SEP77"
"RHY86","MOS78","YELLO"
"RHY88","MOS78","BRF76"
"RHY90","MOS78","FORTS"
"SAF80","CRT76","LTNIK"
"SAF82","CRT76","CLE72"
"SAF83","CRT76","LIC74"
"SAF84","CRT76",NA
"SAF85","CRT76","BET76"
"SAF88","CRT76","BRF76"
"SAF89","CRT76","VIC80"
"SAF90","CRT76","CUR81"
"SAL90","SIE84",NA
"SAL95","SIE84",NA
"SAT87","CLM82",NA
"SCI87","BLO80","RED77"
"SEM88","WHE84",NA
"SEM90","WHE84",NA
"SEM91","WHE84","BAR82"
"SEM92","WHE84","VER84"
"SEM94","WHE84","CUR85"
"SEP87","CHO73","CUR81"
"SID75","MOL70",NA
"SID76","MOL70",NA
"SIS83","SIC78",NA
"SIS85","SIC78",NA
"SIS87","SIC78",NA
"SIS89","SIC78",NA
"SKA82","LIB78",NA
"SKA85","LIB78","LIKEC"
"SKA87","LIB78","D0219"
"SKA90","LIB78",NA
"SKA92","LIB78",NA
"SLI80","SLE76",NA
"SLI81","SLE76",NA
"SLITS",NA,"CHE75"
"SLT84","ALM80","D0198"
"SLT86","ALM80","TOR76"
"SLT87","ALM80",NA
"SOR84","ROW77","NOB78"
"SUL84","TER80","RED77"
"SUL85","TER80","RED77"
"SUL87","TER80","RED77"
"SUL90","TER80","RED77"
"SUL91","TER80","KIW79"
"SUL92","TER80","CHE82"
"SUR86","THO82","OTA76"
"SUR87","THO82","VIC80"
"SUR89","THO82",NA
"SUR91","THO82","BON83"
"SUR94","THO82","LENNY"
"SWI89","TER83","SEP83"
"SWI92","TER83","CHE82"
"SYL81","SLE77",NA
"SYL83","SLE77",NA
"SYL84","SLE77",NA
"TAC79","TAL73",NA
"TEA74","TAL71",NA
"TEA76","TAL71","SAGGY"
"TEA78","TAL71","SAGGY"
"TEA80","TAL71","MAXIS"
"TEA82","TAL71","LTNIK"
"TEAKS",NA,"CROSS"
"TGR94","OTT89",NA
"TGR95","OTT89",NA
"THO84","YTA74","YHO76"
"THO87","YTA74","BAR82"
"THO89","YTA74","BRF76"
"THR80","PGB76","RED72"
"THR82","PGB76",NA
"THR83","PGB76",NA
"THR86","PGB76",NA
"THR90","PGB76",NA
"TIG85","OTA80","QUINS"
"TIG86","OTA80",NA
"TIG89","OTA80","ROCKY"
"TIG96","OTA80",NA
"TNY93","TIT84","CRUMP"
"TNY96","TIT84",NA
"TNY99","TIT84",NA
"TOP85","YEY80","RED77"
"TRA80","GRC76",NA
"TRA81","GRC76","PHANT"
"TRA83","GRC76","LTNIK"
"TRA84","GRC76","NRSWI"
"TRA86","GRC76","SEP77"
"TRA87","GRC76",NA
"TRK87","UPT82","ROCKY"
"TRK88","UPT82","JACKS"
"TRK89","UPT82",NA
"TUR81","MUS77",NA
"TUR83","MUS77",NA
"TUR85","MUS77","OTA76"
"TUR87","MUS77",NA
"TUR89","MUS77",NA
"TUR92","MUS77","TOPIS"
"TWE90","SEP84",NA
"TWE91","SEP84","VIC80"
"TWE93","SEP84",NA
"TWI82","BRA79","SPIKE"
"TWI85","BRA79","BRF76"
"TWI86","BRA79",NA
"TWI88","BRA79",NA
"TYS79","TOR75",NA
"TYS81","TOR75","TRN73"
"TYS82","TOR75","TAL75"
"TYS83","TOR75","GROWT"
"TYS84","TOR75","YTA77"
"TYS85","TOR75",NA
"TYS87","TOR75","RED77"
"TYS89","TOR75","RED77"
"VER83","RGR71","TER75"
"VIO89","CLA85",NA
"VIO92","CLA85","CONFI"
"VIO94","CLA85","FLY86"
"VIO96","CLA85","TURKS"
"VIO99","CLA85","BASIL"
"VIX86","LTF73","KIL76"
"WAX80","WHI76","CLE72"
"WAX82","WHI76",NA
"WAX83","WHI76",NA
"WAX84","WHI76",NA
"WAX85","WHI76",NA
"WAX86","WHI76",NA
"WAX88","WHI76",NA
"WAX91","WHI76",NA
"WAX92","WHI76","D0202"
"WEE81","WHE77",NA
"WEE82","WHE77","BLT71"
"WEE83","WHE77","UPR72"
"WEE84","WHE77","TAL75"
"WEE85","WHE77","MASSI"
"WEE87","WHE77",NA
"WEE89","WHE77","RED77"
"WHA82","CUR78",NA
"WHA83","CUR78","LIC74"
"WHA84","CUR78","TRN77"
"WHA87","CUR78","AXISS"
"WHA89","CUR78","ROCKY"
"WHO81","MYR74","TER75"
"WHS83","BAR79","GROWT"
"WHS84","BAR79","FLINT"
"WHS85","BAR79","RED77"
"WHS87","BAR79","YTA77"
"WHS88","BAR79","YTA77"
"WHS90","BAR79","VER81"
"WHS91","BAR79","VER81"
"WID85","MOW71","ROCKY"
"WIRES",NA,"BIGSG"
"ZEB83","ZEBRA",NA
"ZEB87","ZEBRA",NA
"ALD91","SUR87","CONFI"
"ALD93","SUR87","LAM86"
"ALD94","SUR87","SAF85"
"ALD95","SUR87","D0192"
"ALD98","SUR87","BASIL"
"ALD99","SUR87","SAF88"
"APH92","THO86","LAM86"
"APN87","ASP78","LIT76"
"APN89","ASP78","JACKS"
"ARI91","ATH87","CUR81"
"ARI93","ATH87","LENNY"
"ARI94","ATH87","D0199"
"ARI96","ATH87",NA
"ARI97","ATH87","SAF88"
"AST89","GAL85","AVO84"
"AST90","GAL85","VER81"
"AST91","GAL85","SOR84"
"AST93","GAL85","RHY84"
"AST94","GAL85","CHE82"
"AST95","GAL85","CRAGS"
"AST97","GAL85",NA
"ATH89","THO81","RHY82"
"ATH94","THO81","SAF88"
"AUR88","CAN83",NA
"AVO87","UPT78","TEA80"
"AVO90","UPT78","RED81"
"AVO92","UPT78","FOL84"
"BAN87","FRE83",NA
"BAN89","FRE83",NA
"BAN90","FRE83",NA
"BAN91","FRE83",NA
"BAN92","FRE83",NA
"BAN93","FRE83",NA
"BCL84","BUC81","FOL77"
"BCL86","BUC81","LTNIK"
"BCL87","BUC81","RED79"
"BCL88","BUC81","RHY82"
"BCL89","BUC81","CUR81"
"BCL90","BUC81","RED79"
"BCL91","BUC81","FOL84"
"BCL93","BUC81","FLY86"
"BCL94","BUC81","FOL84"
"BCL95","BUC81","WEE85"
"BCL96","BUC81","TYS89"
"BERTI",NA,"INI85"
"BIS81","CIN76",NA
"BIS83","CIN76","LIKEC"
"BIS84","CIN76","SEP78"
"BLF95","BLUFF","D0182"
"BRN94","WHS90",NA
"BUS90","PEC86",NA
"BUS92","PEC86","TYS83"
"BUZZA",NA,"INI85"
"CAL82","CIN78","PHANT"
"CAL84","CIN78","LTNIK"
"CAL85","CIN78",NA
"CAL87","CIN78","ROCKY"
"CASTL",NA,"PEP85"
"CFI88","CFU82","JACKS"
"CFI89","CFU82","CUR81"
"CFI91","CFU82","TYS83"
"CFI92","CFU82","BLC81"
"CFI94","CFU82","FOL84"
"CGH91","WHA87","CHE82"
"CGH93","WHA87","CRUMP"
"CGH94","WHA87","TYS83"
"CGH95","WHA87","WEE85"
"CGH97","WHA87","INI85"
"CGH99","WHA87","BASIL"
"CHA92","FID86","FOL84"
"CHP94","BLC83","PEP85"
"CLC75","COL72",NA
"CLC76","COL72",NA
"CLC77","COL72",NA
"CLC78","COL72","CRT72"
"CLC79","COL72",NA
"CLC80","COL72","RED72"
"CLC81","COL72",NA
"CLC82","COL72",NA
"CLC83","COL72","D0218"
"CLC85","COL72","OTA76"
"CLC87","COL72","BRF76"
"CLC90","COL72",NA
"CLO93","HIC89","JUG85"
"CLO94","HIC89","JUG85"
"CLO96","HIC89","SLT86"
"COB77","COL74",NA
"COB79","COL74",NA
"COB80","COL74",NA
"COB82","COL74",NA
"COB83","COL74",NA
"COB84","COL74",NA
"COB85","COL74",NA
"COB86","COL74",NA
"COB88","COL74",NA
"COO95","ANK91","TYS83"
"COO96","ANK91","TYS83"
"COO97","ANK91","SLT86"
"COO99","ANK91","TYS89"
"COT78","COL75",NA
"COT79","COL75",NA
"CPS00","PEP93","ATH91"
"CPS97","PEP93","D0199"
"CRB96","MOC84","PEP85"
"CRB97","MOC84","TYS89"
"CRC91","TUR87","CONFI"
"CRS92","CHI89","D0233"
"CRS94","CHI89",NA
"CSK93","ANK89","JUG85"
"CSK95","ANK89","TYS83"
"CSK96","ANK89","SLT86"
"CSK97","ANK89","SLT86"
"CSK98","ANK89","SLT86"
"CSK99","ANK89","SLT86"
"CWR84","LIM80",NA
"CWR86","LIM80","TER75"
"CWR87","LIM80","CRE80"
"CWR88","LIM80","TIT79"
"CWR90","LIM80","VER81"
"CWR91","LIM80","SAF82"
"D0194",NA,"SLITS"
"D0220",NA,"ANK87"
"D0230",NA,"PRK83"
"DAN86","BUC82","LTNIK"
"DAN89","BUC82","YTA77"
"DAN90","BUC82","VER81"
"DAN91","BUC82","CRE80"
"DAN92","BUC82","VER81"
"DAN93","BUC82","FLY86"
"DAN95","BUC82","CHE82"
"DAN96","BUC82","WEE85"
"DAN97","BUC82","SLT86"
"DAN99","BUC82",NA
"DIA96","APH93",NA
"DIC88","HIC84","YTA77"
"DIC90","HIC84","VER81"
"DIC91","HIC84","SAF82"
"DIC92","HIC84","VER81"
"DIC93","HIC84","SCO81"
"DIC95","HIC84","TYS83"
"DIC96","HIC84","SLT86"
"DIC98","HIC84","SLT86"
"DIC99","HIC84","TYS89"
"DOC00","HIC88","LIZ89"
"DOC93","HIC88","VER81"
"DOC95","HIC88","TYS83"
"DOC96","HIC88","SLT86"
"DOC97","HIC88",NA
"DOC98","HIC88","TYS89"
"DOC99","HIC88","SLT86"
"DOO90","NON86","KIW79"
"DPU94","DBL89","DSA97"
"DPU95","DBL89","SCI87"
"DPU96","DBL89",NA
"DPU97","DBL89",NA
"DPU98","DBL89",NA
"DUN87","WHA83","BITES"
"DUN89","WHA83","CRE80"
"DUN91","WHA83","SCO81"
"DUN93","WHA83","SUR86"
"DUN94","WHA83","CROSS"
"EGR88","IBI84","LEN83"
"EGR90","IBI84","VIC80"
"EGR91","IBI84","BITES"
"EGR93","IBI84","CRUMP"
"EGR94","IBI84","GRIST"
"EGR95","IBI84","INI85"
"EGR96","IBI84",NA
"EOL84","CAN80",NA
"EOL86","CAN80","D0234"
"EOL88","CAN80",NA
"EOL89","CAN80",NA
"EOL91","CAN80","KIW85"
"EQU92","INI87","PEC85"
"FAD89","CRK83",NA
"FAN83","COL80",NA
"FAN85","COL80",NA
"FAN86","COL80","VER81"
"FAN87","COL80","KIW79"
"FAN88","COL80","FORTS"
"FAN90","COL80","ROCKY"
"FAN92","COL80","AVO84"
"FAN93","COL80","CRUMP"
"FAN94","COL80","CROSS"
"FAN95","COL80","AVO84"
"FAN96","COL80","INI85"
"FDL93","VIO89","INI85"
"FDL94","VIO89","LENOT"
"FDL96","VIO89","INI85"
"FDL97","VIO89","D0213"
"FDL99","VIO89","BASIL"
"FEA88","PLO82","MEL79"
"FEA91","PLO82","AVO84"
"FEA92","PLO82","SAF82"
"FEA95","PLO82","SLT86"
"FEA96","PLO82","PEP85"
"FEA97","PLO82","SLT86"
"FEN90","RED82","LENOT"
"FID83","VER78","OTC76"
"FID90","VER78","RHY82"
"FIN93","FEN89",NA
"FIN94","FEN89",NA
"FIN95","FEN89","D0203"
"FIN96","FEN89",NA
"FIN97","FEN89","D0192"
"FIS85","CRA81","RED77"
"FLA91","UPT79","LEN83"
"FLG95","ANK90","TYS83"
"FLG97","ANK90","SLT86"
"FLG98","ANK90","LIZ89"
"FOU00","SUL90","CRAGS"
"FOU01","SUL90","SCI87"
"FOU94","SUL90","SOR84"
"FOU97","SUL90","SKA85"
"FOU99","SUL90","SCI87"
"FRA00","PEN90","KIERA"
"FRA01","PEN90","SCI87"
"FRA94","PEN90","CROSS"
"FRA95","PEN90","CRAGS"
"FRA96","PEN90","JUG85"
"FRA98","PEN90","SCI87"
"FRO89","BIL84","D0215"
"FRO90","BIL84","KIW79"
"FRO91","BIL84","WEE85"
"FRO93","BIL84","CROSS"
"FRO95","BIL84","TYS83"
"FRO98","BIL84","BASIL"
"FUL83","MAW79","GROWT"
"FUL85","MAW79","MASSI"
"FUL86","MAW79","MASSI"
"FUL87","MAW79","MEL79"
"FUL89","MAW79","RED77"
"FUL90","MAW79","MEL79"
"FUL91","MAW79","CHE82"
"FUL93","MAW79","CHE82"
"FUL94","MAW79","SOR84"
"GEC93","LIZ86",NA
"GEC95","LIZ86","SCI87"
"GEM87","POL79","LEN83"
"GER88","TWI85",NA
"GIN89","JUN85","CRE80"
"GIN91","JUN85","RHY82"
"GIN92","JUN85","RHY82"
"GIN93","JUN85","JUG85"
"GIN94","JUN85","JUG85"
"GIN95","JUN85","LENOT"
"GIN96","JUN85","LENOT"
"HAD89","MAC85",NA
"HAL87","TUR83","OTA76"
"HAL88","TUR83","TOPIS"
"HAL90","TUR83","TOPIS"
"HAL92","TUR83","CROSS"
"HAL93","TUR83","LENNY"
"HAL94","TUR83","LENNY"
"HAL95","TUR83","TIG89"
"HAL96","TUR83","TURKS"
"HAL98","TUR83","SAF88"
"HAL99","TUR83","TNY93"
"HAW94","SUR91","SUR86"
"HAW96","SUR91",NA
"HAW97","SUR91",NA
"HAW99","SUR91","D0228"
"HER91","MAC87","CUR81"
"HER93","MAC87","CRUMP"
"HER94","MAC87",NA
"HER95","MAC87",NA
"HER96","MAC87",NA
"HOL00","ILE86","SLT86"
"HOL91","ILE86","TYS83"
"HOL93","ILE86","AVO84"
"HOL95","ILE86",NA
"ILE90","CHE80","RHY82"
"INI86","VER79","OTC76"
"INI90","VER79","TEA80"
"INI92","VER79","AVO84"
"IVY91","ILE87","CRE80"
"IVY92","ILE87","VER81"
"IVY95","ILE87","JUG85"
"IVY96","ILE87","SLT86"
"IVY99","ILE87","SLT86"
"JOW92","WID79","RHY82"
"JUG91","BRF79","LENOT"
"JUG92","BRF79","PRK83"
"KID89","ADZ84",NA
"KID90","ADZ84","SEP83"
"KID92","ADZ84",NA
"KITES",NA,"ANK87"
"KIW92","BLO75","SOR84"
"KNO01","TRK87",NA
"KNO90","TRK87","LEN83"
"KNO91","TRK87","LEN83"
"KNO93","TRK87",NA
"KNO94","TRK87","D0201"
"KNO95","TRK87","WEE85"
"KNO96","TRK87",NA
"KNO99","TRK87","JUG90"
"LAM83","CMO78","OTC76"
"LAM90","CMO78","RED81"
"LIZ90","LTF77","SOR84"
"LOB89","TOR78","FOL77"
"LPW01","FEA87",NA
"LPW91","FEA87","TIT79"
"LPW93","FEA87","CRUMP"
"LPW94","FEA87","CUR85"
"LPW95","FEA87",NA
"LPW97","FEA87","TYS83"
"LPW98","FEA87","SCI87"
"MAD83","BOT79",NA
"MAD85","BOT79",NA
"MAD87","BOT79","FLINT"
"MAD89","BOT79",NA
"MAD91","BOT79","BAR82"
"MAR87","MAW83","FLINT"
"MAR89","MAW83","RED77"
"MAR90","MAW83","SKA85"
"MAR91","MAW83","BAR82"
"MAR93","MAW83","SAF82"
"MAR95","MAW83","SLT86"
"MAR96","MAW83","PEP85"
"MAS90","TUR85","WAVYS"
"MAS92","TUR85","FRE87"
"MAS94","TUR85","LENNY"
"MAS95","TUR85",NA
"MAS97","TUR85","TURKS"
"MAS99","TUR85","SAF88"
"MAX82","COL78","PHANT"
"MAX84","COL78","SEP78"
"MAX85","COL78","TRN77"
"MEA88","BAR84",NA
"MEA89","BAR84","VER81"
"MEA90","BAR84","TIT79"
"MEA91","BAR84","TYS83"
"MEA92","BAR84","SAF82"
"MEA94","BAR84","CUR85"
"MED01","APH98",NA
"MLR91","JUG87","LENOT"
"MLR95","JUG87",NA
"MLR96","JUG87","CONFI"
"MOBYD",NA,"BRNCH"
"MOL83","MOM65","PIN74"
"MOO96","MOY82","SOR84"
"MUL89","LOG84",NA
"MUR84","COL79","D0236"
"MUR85","COL79","BET76"
"MUR87","COL79","D0198"
"MUR88","COL79","CHE82"
"NAK89","FLA85",NA
"NAK90","FLA85","VIC80"
"NAK92","FLA85","BON83"
"NIGEL",NA,"TYS83"
"NON85","NOB76","FOL77"
"NYM98","APH95","D0229"
"OAT94","BAR83","SKA85"
"OCH83","SAF80","YELLO"
"OCH85","SAF80","LIKEC"
"OCH87","SAF80",NA
"OCH89","SAF80","BRF76"
"OCH90","SAF80","FORTS"
"OCH92","SAF80","LENOT"
"OCH94","SAF80","CROSS"
"OCH96","SAF80","INI85"
"OCH98","SAF80","TURKS"
"OPE87","SKA82",NA
"OPE89","SKA82","VIC80"
"OPE92","SKA82",NA
"ORP92","CLA87","AVO84"
"OXL83","PRI79","D0218"
"OXL84","PRI79",NA
"OXL90","PRI79",NA
"OXL91","PRI79",NA
"OXL92","PRI79",NA
"PAR83","COW79","LTNIK"
"PAR89","COW79",NA
"PEC92","SCO76","RED81"
"PEL87","MOS83","SCO78"
"PEL89","MOS83","BRF76"
"PEL91","MOS83","LENOT"
"PEL92","MOS83","LENOT"
"PEN85","BAR80","ASP77"
"PEP91","MUS81","FOL84"
"PERCY","MOPRC","PEC85"
"PERRN","JOW93","SCOWL"
"PET83","FAG79","NRSWI"
"PET85","FAG79","BET76"
"PET87","FAG79","BITES"
"PET88","FAG79","RHY82"
"PIC89","MUS85","CRE80"
"PIC90","MUS85","RED79"
"PIC91","MUS85","SAF85"
"PIC93","MUS85","CRUMP"
"PIC94","MUS85","CONFI"
"PIC96","MUS85","TURKS"
"PIC98","MUS85","SAF88"
"PID89","LIM85","JACKS"
"PID91","LIM85","SCO81"
"PID92","LIM85","LEN83"
"PID94","LIM85","AVO84"
"PID95","LIM85","TYS83"
"PID96","LIM85","LENOT"
"PID99","LIM85","BASIL"
"PNY83","THR80",NA
"PNY85","THR80",NA
"PNY87","THR80",NA
"PNY88","THR80",NA
"POR92","OAT87","FLY86"
"PPK94","PEP90","LENNY"
"PPK96","PEP90","TURKS"
"PPK97","PEP90",NA
"PRI91","PGB74","SAF85"
"PTN87","LIM83","CRE80"
"PTN89","LIM83","TIT79"
"PTN90","LIM83","RHY82"
"PTN92","LIM83","VER81"
"PTN93","LIM83","VER81"
"PTN95","LIM83","TYS83"
"PTN96","LIM83",NA
"QUI82","MEL77","CRT72"
"RAI87","SLT84","VIC80"
"RHY92","MOS78","LENOT"
"ROGER",NA,"ATH91"
"RON86","MAC83","RED79"
"SAF92","CRT76","LENOT"
"SANDY","PEN89","D0242"
"SCA91","LOB86","VER81"
"SCA93","LOB86","VER84"
"SCA99","LOB86",NA
"SEM95","WHE84","SKA85"
"SES87","HAR82","YTA77"
"SES88","HAR82","CRE80"
"SES91","HAR82","RED79"
"SES92","HAR82","SEP83"
"SES94","HAR82","FLY86"
"SEY92","SUR89","CRUMP"
"SIE79","MEL75",NA
"SIE80","MEL75",NA
"SIE82","MEL75","LIKEC"
"SIS91","SIC78","LEN83"
"SKI94","OAT90","CUR85"
"SKI98","OAT90",NA
"SME84","TEA78","LTNIK"
"SME87","TEA78","RED79"
"SME90","TEA78","RED79"
"SOL88","THO84","TOPIS"
"SOL89","THO84","TOPIS"
"SOL92","THO84","CONFI"
"SOL93","THO84","LENNY"
"SOL94","THO84","CONFI"
"SOL96","THO84","LENNY"
"STA00","GAL89","PEREG"
"STA95","GAL89","FOL84"
"STA97","GAL89","BASIL"
"STI94","AVO89","FOL84"
"STI95","AVO89","WEE85"
"STI96","AVO89","TYS89"
"STI98","AVO89","SCOWL"
"STI99","AVO89","ATH91"
"STO93","WHA89","CRUMP"
"STO94","WHA89","AVO84"
"STO96","WHA89","INI85"
"STO97","WHA89","INI85"
"STO98","WHA89","BASIL"
"STO99","WHA89","BASIL"
"STUAR",NA,"D0228"
"SUL88","TER80","SAF82"
"SUL89","TER80","ASP77"
"SUN89","RHY86","VIC80"
"SUN91","RHY86","LENOT"
"SUN93","RHY86","CROSS"
"SUN94","RHY86","SAF88"
"SUN96","RHY86","AVO84"
"SUN98","RHY86","TURKS"
"SUR92","THO82","FRE87"
"SUR95","THO82","SAF89"
"SUR97","THO82","SAF88"
"SUT98","TWE93",NA
"SUT99","TWE93",NA
"SWI88","TER83","OTC76"
"SWI91","TER83","RHY82"
"TAM92","RHY88",NA
"TAM93","RHY88","CROSS"
"TAM94","RHY88","GRIST"
"TAM95","RHY88","BRNCH"
"TEL86","PEC81",NA
"TEL87","PEC81",NA
"TEL89","PEC81",NA
"TEL90","PEC81","D0215"
"TEL91","PEC81",NA
"TER85","TRN72","MEL79"
"THO91","YTA74","INI85"
"TIG92","OTA80","LEN83"
"TIG93","OTA80","FOL84"
"TLW91","CAN87","BITES"
"TLW93","CAN87",NA
"TNY88","TIT84","RHY82"
"TNY90","TIT84","TRA83"
"TNY91","TIT84","LEN83"
"TNY94","TIT84","JUG85"
"TNY98","TIT84","INI85"
"TOU87","CAN82","RED79"
"TOU91","CAN82","SAF85"
"TWE89","SEP84","LEN83"
"TWE94","SEP84","PEP85"
"UMB80","MEL76","LTNIK"
"UMB82","MEL76","PHANT"
"UMB83","MEL76","OTC76"
"UMB84","MEL76","LTNIK"
"UMB85","MEL76","TRN77"
"UMB87","MEL76","CPBPT"
"UMB88","MEL76",NA
"VEN94","APH91","SAF85"
"VEN95","APH91",NA
"VEN96","APH91","D0216"
"VIN88","MUS84","TOPIS"
"VIN91","MUS84","D0205"
"VIN93","MUS84","D0202"
"VIN95","MUS84","D0209"
"VIN97","MUS84","D0199"
"VIO90","CLA85","RHY82"
"VIO95","CLA85","LENOT"
"VIO97","CLA85","JOW89"
"WAN83","WAX80","D0252"
"WAN85","WAX80",NA
"WAN86","WAX80","BRF76"
"WAN87","WAX80",NA
"WAN89","WAX80",NA
"WAN90","WAX80","TOPIS"
"WAN91","WAX80","TOPIS"
"WHA86","CUR78","OTC76"
"WHA91","CUR78","RHY82"
"WHA92","CUR78","LEN83"
"WIG80","TEA76",NA
"WIG81","TEA76","PHANT"
"WIG83","TEA76","RED73"
"WIG85","TEA76","LTNIK"
"WIG87","TEA76",NA
"WIG88","TEA76","OTC76"
"WILTS",NA,"JOW89"
"WIS01","CRB95",NA
"WOD88","CAP84","ROCKY"
"WOD90","CAP84","RED79"
"WOD91","CAP84","CUR81"
"WOD92","CAP84","RHY82"
"WOD94","CAP84","AVO84"
"WOD95","CAP84","TYS83"
"WOD96","CAP84","SEP83"
"WOD98","CAP84","BASIL"
"ALB91","FUL87","BAR82"
"ALB92","FUL87","VER84"
"ALB93","FUL87","CHE82"
"ALB97","FUL87","PEP85"
"ALD01","SUR87","TOU91"
"ALD96","SUR87","VIN88"
"AQU83","COB80",NA
"AQU86","COB80",NA
"AQU87","COB80",NA
"AQU89","COB80","MAC81"
"AQU91","COB80",NA
"AQU92","COB80",NA
"ARI01","ATH87","PIC94"
"ART00","ARI96","SAF88"
"BAC97","PTN93","SKA85"
"BAC98","PTN93","SLT86"
"BEA00","MOO96","OCH92"
"BEE88","PET85","CRE80"
"BEE89","PET85","ROCKY"
"BEE90","PET85",NA
"BEE91","PET85","TYS83"
"BEE93","PET85","CRUMP"
"BEE94","PET85","LENOT"
"BEE96","PET85","AVO84"
"BIE00","CFI94","BCL90"
"BIE01","CFI94","SHTNK"
"BIE97","CFI94","WOD90"
"BIE99","CFI94","JUG90"
"BNJ01","FDL96","ATH91"
"BNN00","OAT94","CRAGS"
"BNN01","OAT94","EGR88"
"BNN98","OAT94","FUL90"
"BNN99","OAT94","EGR88"
"BNX93","FUL89","SAF82"
"BNX94","FUL89","VER84"
"BNX95","FUL89","CUR85"
"BNX96","FUL89","PEP85"
"BNX97","FUL89","SCI87"
"BNX98","FUL89","SCI87"
"BNX99","FUL89","SCI87"
"BRE91","BREND","MUR84"
"BRG89","MUR85","CRE80"
"BRG90","MUR85","CUR81"
"BRG92","MUR85","AVO84"
"BRG95","MUR85","SAF85"
"BRG96","MUR85","TURKS"
"BRG98","MUR85","D0199"
"BRS99","SKI94","ATH91"
"BUT00","BCL93","HER91"
"BUT01","BCL93","PEREG"
"BUT96","BCL93","ANK87"
"BUT98","BCL93","TURKS"
"BUT99","BCL93","FLA93"
"CAF89","MAX84","BRF76"
"CAF91","MAX84","CONFI"
"CAF93","MAX84","JUG85"
"CAF96","MAX84","TIG89"
"CAF98","MAX84","D0240"
"CCO87","LAM83","D0198"
"CCO90","LAM83","WAVYS"
"CCO91","LAM83","BITES"
"CCO93","LAM83","BIL85"
"CCO94","LAM83",NA
"CCO95","LAM83","WEE85"
"CCO97","LAM83","TAM94"
"CEDRI",NA,"FAN85"
"CEE96","BUS92",NA
"CEE97","BUS92",NA
"CEE98","BUS92","D0194"
"CEE99","BUS92",NA
"CEL01","AST90",NA
"CEL94","AST90","CHE82"
"CEL95","AST90","CHE82"
"CEL97","AST90","SKA85"
"CEL99","AST90","JOW89"
"CGH00","WHA87","AST91"
"CHL00","PEP91",NA
"CHL96","PEP91",NA
"CHL98","PEP91","D0240"
"CHU95","PIC91","TIG89"
"CHU97","PIC91","LAM86"
"CLO95","HIC89","OCH83"
"CLW00","STI94","SCOWL"
"CLW97","STI94","SCOWL"
"CLW99","STI94","SQUAS"
"COO98","ANK91","FUL90"
"CRD01","FIN93",NA
"CRD96","FIN93","FEA90"
"CRD99","FIN93",NA
"CRM01","OCH96","KID90"
"CRM99","OCH96",NA
"CRN89","TEL86",NA
"CRN91","TEL86",NA
"CRO88","OCH85","SCO78"
"CRO90","OCH85","RED79"
"CRO92","OCH85","LENOT"
"CRY84","CLC79",NA
"CRY86","CLC79",NA
"CRY88","CLC79",NA
"CRY90","CLC79","LUZ82"
"CSK01","ANK89","TNY94"
"CSK94","ANK89","OCH83"
"CST97","CASTL",NA
"CUC84","UMB80","RED77"
"CUC85","UMB80",NA
"CUC87","UMB80","SEP77"
"CUC90","UMB80","RED79"
"CUC91","UMB80","LEN83"
"CUC93","UMB80",NA
"CUC94","UMB80","FLY86"
"CUK86","CLC82",NA
"CUK87","CLC82",NA
"CUK88","CLC82",NA
"CUM00","CRC91","TOU91"
"CUM95","CRC91","D0203"
"CUM97","CRC91","SAF88"
"CUM98","CRC91","D0194"
"CWR92","LIM80","OCH83"
"D0222",NA,"FAN85"
"D0226",NA,"AVO87"
"DAN94","BUC82","OCH83"
"DANDP","MODNP","BERTI"
"DIC89","HIC84","OCH83"
"DIC94","HIC84","OCH83"
"DIL95","FEN90",NA
"DIL96","FEN90",NA
"DIL97","FEN90",NA
"DIL98","FEN90",NA
"DIL99","FEN90","SAF88"
"DIT91","PIB83","OCH83"
"DIT92","PIB83","MAD83"
"DMS01","NYM98",NA
"DOC01","HIC88","TNY94"
"DOC92","HIC88","OCH83"
"DOC94","HIC88","OCH83"
"DOT00","LPW93",NA
"DOT97","LPW93","FLY86"
"DSA07",NA,"DIC90"
"EBO87","PET83","ROCKY"
"EBO88","PET83","ROCKY"
"EBO90","PET83","RHY82"
"EBO92","PET83","AVO84"
"ECL87","WAN83",NA
"EIF81","COT78","WHI72"
"ELF83","CLC78","LIC74"
"ELF84","CLC78",NA
"ETN00","ALD94",NA
"ETN01","ALD94","D0185"
"ETN97","ALD94","JUG85"
"FAL01","CHP94",NA
"FAL99","CHP94","TWE89"
"FDL00","VIO89","HER91"
"FEA98","PLO82","EGR88"
"FIE87","SIE82","D0200"
"FIE90","SIE82","SLITS"
"FIE92","SIE82","LENOT"
"FIJ98","ALD95","AST91"
"FLG00","ANK90","PIC90"
"FOP01","DAN90","TNY94"
"FOP94","DAN90","JUG85"
"FOP96","DAN90",NA
"FOP97","DAN90","SLT86"
"FOP98","DAN90","LIZ89"
"FOP99","DAN90","CSK93"
"FRO96","BIL84","EGR88"
"GEC97","LIZ86","FUL90"
"GOD00","AVO90","OAT89"
"GOD94","AVO90","CROSS"
"GOD95","AVO90","LAM86"
"GOD96","AVO90","AVO84"
"GOD97","AVO90","INI85"
"GOD98","AVO90","BASIL"
"GOD99","AVO90","BASIL"
"GRA00","FAN90","BASIL"
"GRA01","FAN90","TYS89"
"GRA93","FAN90","CRUMP"
"GRA94","FAN90","D0214"
"GRA95","FAN90","RHY82"
"GRA96","FAN90","INI85"
"GRA97","FAN90","INI85"
"GRA98","FAN90","TURKS"
"GRA99","FAN90","BASIL"
"HAW00","SUR91","KID90"
"HES79","CLC75",NA
"HES80","CLC75","RED72"
"HES83","CLC75",NA
"HES86","CLC75",NA
"HIR01","FUL93","DPU94"
"HIR98","FUL93","TYS89"
"HIR99","FUL93","KIERA"
"HOL94","ILE86","OCH83"
"HOL97","ILE86","WOD90"
"HON00","SUN93","RHINO"
"HON97","SUN93","TURKS"
"HON99","SUN93","TURKS"
"HRM00","INI86","TYS89"
"HRM90","INI86","LIGHT"
"HRM91","INI86","RED79"
"HRM92","INI86","LEN83"
"HRM93","INI86","CRUMP"
"HRM94","INI86","TYS83"
"HRM95","INI86","LENOT"
"HRM96","INI86","INI85"
"HRM97","INI86","TIG89"
"HRM98","INI86","OAT89"
"HRM99","INI86","BASIL"
"IND92","HAL87","TOPIS"
"IVY01","ILE87","TNY94"
"IVY94","ILE87","OCH83"
"IVY97","ILE87","TWE89"
"IVY98","ILE87","FUL90"
"JAY01","CGH95","AST91"
"JEE00","HAL90","D0194"
"JEE01","HAL90","D0185"
"JEE94","HAL90","TYS83"
"JEE95","HAL90","D0192"
"JEE96","HAL90","FEN91"
"JEE98","HAL90","SAF88"
"JEE99","HAL90","EGR93"
"KIT90","TER85","RED77"
"KIT91","TER85","VER81"
"KIT92","TER85","SAF82"
"KIT95","TER85","SLT86"
"KIW89","BLO75","MAD83"
"LAC00","BCL95","RHINO"
"LPW00","FEA87","EGR88"
"LPW99","FEA87","EGR88"
"MAL88","SME84",NA
"MAL91","SME84","RED79"
"MAL93","SME84","CRUMP"
"MAL95","SME84","FOL84"
"MAL98","SME84","INI85"
"MAR97","MAW83","DUN89"
"MAT98","MAR89","SCI87"
"MAU96","SEY92",NA
"MAY96","VIN93","LENNY"
"MDL01","FAN93","WOD90"
"MDL97","FAN93","FLY86"
"MDL98","FAN93","RHINO"
"MDL99","FAN93","D0194"
"MEG00","MAR95","BUZZA"
"MEG98","MAR95","DUN89"
"MEG99","MAR95","KIERA"
"MLR98","JUG87","OPE89"
"MND98","FDL94",NA
"MND99","FDL94","DSA99"
"MNT01","SUR95","TOU91"
"MNT99","SUR95","SAF88"
"MNX87","FUL83","KIW79"
"MNX88","FUL83","RED77"
"MNX89","FUL83","RED77"
"MNX90","FUL83","MEL79"
"MNX92","FUL83","BAR82"
"MRY97","MAR93","SCI87"
"MRY98","MAR93","FLA90"
"MRY99","MAR93","KIERA"
"MST99","IVY95","JOW89"
"MUF99","DIC96","LIZ89"
"NAI93","NAK89",NA
"NAI94","NAK89",NA
"NAI95","NAK89",NA
"NAI96","NAK89",NA
"NAI97","NAK89",NA
"NAI98","NAK89",NA
"NEB01","STA97","TNY94"
"NIC83","COT79","LIKEC"
"NIC84","COT79",NA
"OCC84","CLC80",NA
"OCC85","CLC80",NA
"OCC88","CLC80","MAC81"
"OCC89","CLC80",NA
"OCC90","CLC80","LUZ82"
"OCC92","CLC80","CHEST"
"OPA01","STO96","PEREG"
"OPA99","STO96","BASIL"
"OXY00","DOC96","SLT86"
"OXY01","DOC96","TNY94"
"PAN00","PID95","OAT89"
"PAN01","PID95","TNY94"
"PAP86","CAL82","ROCKY"
"PAP87","CAL82","ROCKY"
"PAP88","CAL82","CRE80"
"PAP90","CAL82",NA
"PAP91","CAL82","TYS83"
"PAP94","CAL82",NA
"PEP99","MUS81","MOBYD"
"PHL94","PID89","TYS83"
"PHL95","PID89","TYS83"
"PHL96","PID89","LENOT"
"PHL97","PID89","DUNST"
"PHL98","PID89","TYS89"
"PIC00","MUS85","KID90"
"PID97","LIM85","TWE89"
"PIL97","HER93",NA
"PIP94","TEL90",NA
"PIP96","TEL90",NA
"PIP97","TEL90",NA
"PIP98","TEL90","FAN85"
"PLO88","TRN74","MAD83"
"PNT98","MOO94","TWE89"
"PRS93","ATH89",NA
"PRS95","ATH89","SAF85"
"PRS97","ATH89","D0231"
"PRS99","ATH89","AST91"
"PRT96","ORP92","INI85"
"PRT97","ORP92","INI85"
"PRT99","ORP92",NA
"PTN94","LIM83","OCH83"
"RIB00","BCL96","OAT89"
"RMX01","DOC97","TNY94"
"RUM00","STI96","BCL90"
"RUM01","STI96","SHTNK"
"RUM99","STI96","BCL90"
"SAG00","SEM95","SCI87"
"SAG99","SEM95","SCI87"
"SAM88","CAL84",NA
"SAM90","CAL84","RED79"
"SAM91","CAL84","LEN83"
"SAM92","CAL84","AVO84"
"SAM94","CAL84","AVO84"
"SAM95","CAL84",NA
"SAM97","CAL84","FLY86"
"SAM98","CAL84","BCL90"
"SAM99","CAL84",NA
"SAX00","TAM93","OPE89"
"SAX97","TAM93","TURKS"
"SAX98","TAM93","RHINO"
"SAX99","TAM93","D0194"
"SCA95","LOB86","SOL89"
"SCA98","LOB86","AST91"
"SES89","HAR82","OCH83"
"SHA92","BCL87","RED81"
"SKU01","FUL86","BUZZA"
"SKU91","FUL86","SOR84"
"SKU93","FUL86","SAF82"
"SKU94","FUL86","SKA85"
"SKU95","FUL86","SKA85"
"SKU96","FUL86",NA
"SKU97","FUL86","SCI87"
"SKU99","FUL86",NA
"SLA00","GEC95","OCH92"
"SLO00","GIN93","PEREG"
"SLO01","GIN93","AST91"
"SLO98","GIN93","BASIL"
"SLO99","GIN93","BASIL"
"SPD00","KNO95","FAN85"
"SPD98","KNO95","FLA93"
"SPD99","KNO95",NA
"SPI00","HAL94","RHINO"
"SPI97","HAL94",NA
"SPI99","HAL94","SAF88"
"SQU00","EGR91","MOBYD"
"SQU01","EGR91",NA
"SQU95","EGR91",NA
"SQU97","EGR91","AST91"
"SQU98","EGR91",NA
"SRL91","OCH87","LENOT"
"SRL92","OCH87","JUG85"
"STA94","GAL89","OCH83"
"STI93","AVO89","WIG85"
"STO01","WHA89","HER91"
"SUL94","TER80","EGR88"
"SUL96","TER80","TWE89"
"SWA95","SWI88","AVO84"
"SWA96","SWI88",NA
"SWA98","SWI88","INI85"
"SYC00","PET87","BASIL"
"SYC91","PET87","VER84"
"SYC93","PET87","CRUMP"
"SYC94","PET87","AVO84"
"SYC95","PET87","AVO84"
"SYC96","PET87","AVO84"
"SYC97","PET87","BASIL"
"SYC98","PET87","SUR86"
"THU91","UMB84","BLC81"
"THU94","UMB84","AVO84"
"THU96","UMB84","TIG89"
"TIC01","CLO96","TNY94"
"TIK00","HAL95","PEREG"
"TIK01","HAL95","HAL88"
"TIK98","HAL95","TEAKS"
"TKN94","NAK90","BRNCH"
"TKN95","NAK90",NA
"TKN97","NAK90",NA
"TKN98","NAK90",NA
"TKN99","NAK90","DIC90"
"TNG92","FAN88","AVO84"
"TNG94","FAN88","CROSS"
"TNG95","FAN88","D0182"
"TNG96","FAN88",NA
"TNG97","FAN88","TURKS"
"TNG99","FAN88","TURKS"
"TOG90","BCL84","RED81"
"TOG91","BCL84","LEN83"
"TOG92","BCL84","BLC81"
"TOS91","OPE87",NA
"TOS93","OPE87",NA
"TOS96","OPE87",NA
"TOS98","OPE87","OCH92"
"TRI01","FEA94","AST91"
"TRI98","FEA94","AST91"
"TRT00","OCH90","RHINO"
"TRT94","OCH90","AVO84"
"TRT95","OCH90","D0182"
"TRT96","OCH90","TIG89"
"TRT97","OCH90","TIG89"
"TRT98","OCH90","TURKS"
"TUFTY","BLF95",NA
"TUS01","JUG91","KID90"
"TUS95","JUG91","GRIST"
"TUS96","JUG91","BRNCH"
"TUS97","JUG91","JOW89"
"TUS99","JUG91","BRNCH"
"VNG95","VIN91","D0232"
"WAD00","WOD94",NA
"WAG01","LPW91","EGR88"
"WAG97","LPW91","CRAGS"
"WAG98","LPW91","EGR88"
"WAG99","LPW91","EGR88"
"WAL00","DIC95","SLT86"
"WAL01","DIC95","TNY94"
"WAL99","DIC95","TYS89"
"WHS92","BAR79","OCH83"
"WHZ00","CGH94","BASIL"
"WHZ98","CGH94","PEREG"
"WIL89","FUL85","ASP77"
"WIL91","FUL85","BAR82"
"WIL92","FUL85","BAR82"
"WSD00","MLR96","VIN88"
"ZAN95","ALD91","TIG89"
"ZAN96","ALD91",NA
"ZAN98","ALD91","PEREG"
"ZAN99","ALD91","KID90"
"ALC89","OCC85","WAVYS"
"ALC91","OCC85","D0204"
"APH99","THO86","CCO93"
"ARI99","ATH87","HRM90"
"ART99","ARI96","HRM90"
"BIT01","SQU97",NA
"BRG94","MUR85","KIW89"
"CHN01","TRT97","MOBYD"
"CLL01","VIO96","D0226"
"CLT91","CCO87","FAN85"
"CLT93","CCO87","CRUMP"
"CLT94","CCO87","WEE85"
"CLT95","CCO87","WEE85"
"CLT96","CCO87","MOO86"
"CLT97","CCO87","BASIL"
"CLT98","CCO87","BCL90"
"CNM99","CRD96","EGR88"
"COU91","CUC84","LEN83"
"COU94","CUC84","CONFI"
"COU95","CUC84","TIG89"
"COU96","CUC84","INI85"
"CPP99","CAF96",NA
"EID01","MAL93","AST91"
"EID97","MAL93","OAT89"
"FIL86","EIF81","BRF76"
"FIL88","EIF81",NA
"FIL90","EIF81","FORTS"
"FIL92","EIF81","BRNCH"
"FNY01","FOP97","TNY94"
"FRT00","BUT96","HER91"
"FRT99","BUT96","ATH91"
"GAN00","SUL94","KIERA"
"GAN01","SUL94","CSK93"
"GAN97","SUL94","SLT86"
"GAN98","SUL94","SKA85"
"GAN99","SUL94","EGR88"
"HEB00","BEE94","VIN88"
"HEB98","BEE94","PEC89"
"HED01","IVY97","TYS89"
"HIA01","PID97","TYS89"
"HOC01","HOL97","TNY94"
"HRN01","EGR96","HRM90"
"IVO01","EBO90","PEREG"
"IVO94","EBO90","TYS83"
"IVO96","EBO90","INI85"
"IVO97","EBO90","BASIL"
"IVO98","EBO90","TEAKS"
"IVO99","EBO90","BASIL"
"JAE00","BNX95","BUZZA"
"KLD00","BNX94","SCI87"
"KLD01","BNX94","SCI87"
"KLD99","BNX94","SCI87"
"LAR01","KIT95","TYS89"
"LAR99","KIT95","SCI87"
"LIL00","THU96","PEREG"
"LMS00","GOD94","OAT89"
"LMS01","GOD94",NA
"LMS97","GOD94","GRIST"
"LMS98","GOD94","JOW89"
"LMS99","GOD94","HER91"
"MGN96","AQU91",NA
"MLN00","BEE93","ATH91"
"MLN97","BEE93","D0182"
"MLN98","BEE93",NA
"MOU00","DIC94","CRAGS"
"MOU01","DIC94",NA
"MOU99","DIC94","SLT86"
"MUD00","BRE91",NA
"MUD95","BRE91",NA
"MUD96","BRE91",NA
"MUD98","BRE91",NA
"MUD99","BRE91",NA
"NEP96","IND92","TYS89"
"NEP97","IND92","TIG89"
"NEP98","IND92","DUNST"
"NET01","DOC94","TNY94"
"NET98","DOC94","TYS89"
"NET99","DOC94","CSK93"
"NIV01","SAX97","TAM94"
"ORC95","CRO90","INI85"
"ORC97","CRO90","TURKS"
"ORC98","CRO90","TEAKS"
"ORC99","CRO90","JOW89"
"ORG01","CUM98","D0227"
"OVA00","CAF93","TOU91"
"OVA97","CAF93",NA
"OVA98","CAF93","TEAKS"
"OXA01","SRL91","CCO93"
"OXA95","SRL91","BRNCH"
"OXA96","SRL91","D0213"
"OXA97","SRL91","ATH91"
"OXA99","SRL91","SAF88"
"PIL98","HER93","CRY90"
"POM01","BNX93","BUZZA"
"POM97","BNX93","SCI87"
"POM99","BNX93",NA
"PRS98","ATH89","HRM90"
"PTL00","MNX89","BUZZA"
"PTL93","MNX89","FLY86"
"PTL96","MNX89","MEL86"
"PTL97","MNX89","SCI87"
"PTL98","MNX89","EGR88"
"QUN00","CAF89","BASIL"
"QUN92","CAF89","CROSS"
"QUN94","CAF89","HAL88"
"QUN96","CAF89","D0182"
"QUN97","CAF89","TURKS"
"QUN98","CAF89","SAF88"
"QUN99","CAF89","TURKS"
"RAP00","THU94","MOBYD"
"RAP97","THU94","BASIL"
"RAP98","THU94","WOD90"
"RUF00","GOD97","AST91"
"SAO00","TOS96",NA
"SAU00","OCC89",NA
"SAU92","OCC89","D0225"
"SAU94","OCC89",NA
"SAU95","OCC89",NA
"SAU96","OCC89",NA
"SCR00","GRA93","BASIL"
"SCR01","GRA93","HRM90"
"SCR97","GRA93","AST91"
"SCR99","GRA93","BASIL"
"SEE93","SES89","CRUMP"
"SEE95","SES89","AVO84"
"SEQ01","SYC91","MOBYD"
"SEQ95","SYC91","AVO84"
"SEQ96","SYC91","OAT89"
"SEQ97","SYC91","BASIL"
"SEQ98","SYC91","TURKS"
"SEQ99","SYC91","PEC90"
"SER01","HRM95","TNY94"
"SER99","HRM95","PEREG"
"SHI99","GRA95","PEREG"
"SHL01","GRA96","D0194"
"SOL98","THO84","HRM90"
"SPD01","KNO95","D0222"
"SPI01","HAL94","CCO93"
"SPL01","SAM94","PEC90"
"SPL97","SAM94","DUNST"
"SPL98","SAM94","SQUAS"
"SPL99","SAM94","PEREG"
"STE98","CEL95",NA
"STK01","SQU95","HRM90"
"STR00","MNX90","SCI87"
"STR95","MNX90","SLT86"
"STR96","MNX90","PEP85"
"STR97","MNX90","SCI87"
"SUR99","THO82","HRM90"
"TAA98","ALB93","SCI87"
"THS91","PAP87",NA
"THS92","PAP87","D0248"
"THS93","PAP87","JUG85"
"THS95","PAP87","SOL89"
"THS96","PAP87","LENOT"
"THS98","PAP87","BASIL"
"TIN00","THU91","PEREG"
"TIN95","THU91","LENOT"
"TIN97","THU91","D0214"
"TIN98","THU91","BASIL"
"TOO00","TUS96","VIN88"
"UHA00",NA,"BRG90"
"VIN99","MUS84","HRM90"
"WOO84","HES80",NA
"YEW01","HOL94",NA
"YEW99","HOL94","BASIL"
"ZIR00","PHL96",NA
"ZUC00","CUC91","BASIL"
"ZUC01","CUC91","ATH91"
"ZUC95","CUC91","AVO84"
"ZUC96","CUC91","LENOT"
"ZUC98","CUC91","TURKS"
"ALB94","FUL87","FIL86"
"ALB95","FUL87","FIL86"
"BAC99","PTN93","PTL93"
"CCA01","QUN97","MOBYD"
"CED00","SEQ95","CSK95"
"CED99","SEQ95","D0228"
"CLT00","CCO87","PTL93"
"CMR01","CLT97","SQUAS"
"COF01","OVA97","PIC94"
"COQ93","FIL90",NA
"COQ94","FIL90",NA
"COQ95","FIL90","D0203"
"COQ96","FIL90",NA
"CPS99","PEP93","ALC91"
"FOU95","SUL90","FIL86"
"HEL00","ORC95","MOBYD"
"HEL01","ORC95","D0250"
"KIT96","TER85","FIL86"
"KIT97","TER85","FIL86"
"MAT96","MAR89","FIL86"
"MNS01","STR96","OCH92"
"OAT95","BAR83","FIL86"
"PIL99","HER93","ALC91"
"PRN01","OXA95","KID90"
"PRN98","OXA95","D0230"
"PRN99","OXA95","VIN88"
"PTL94","MNX89","FIL86"
"PTL95","MNX89","FIL86"
"PUF01","POM97","SANDY"
"ROM98","TIN95","JOW89"
"SEE96","SES89","FIL86"
"SKI95","OAT90","FIL86"
"SKI97","OAT90","FIL86"
"TSL00","THS96","MOBYD"
"TWA01","ORC97","D0220"
"WAG95","LPW91","FIL86"
"WAG96","LPW91","FIL86"
"YOS00","SEQ96","PEREG"
"YOS01","SEQ96","ATH91"
"ANT00","COQ94","OAT89"
"ANT97","COQ94","ATH91"
"CHF01","WAG95",NA
"MRN01","ALB94","BUZZA"
"MRN98","ALB94","BASIL"
"MRN99","ALB94","SCI87"
"WRE00","WAG96","AST91"
"MAV01","ANT97","D0250"
